S0120000506F7274614C6573474F2E7372656352
S3150000000010A5FE1F8D5D000001580000895D0000EF
S31500000010895D0000895D0000895D00000000000028
S31500000020000000000000000000000000895D0000E4
S31500000030895D000000000000B986000061870000AD
S315000000406D1000006D3A0000D9300000F52B00005D
S315000000509D2F0000E52D0000DD1900003918000075
S31500000060B1170000F5180000FFFFFFFFFFFFFFFFBD
S31500000070FFFFFFFFFFFFFFFFFFFFFFFFFFFFFFFF8A
S31500000080FFFFFFFFFFFFFFFFFFFFFFFFFFFFFFFF7A
S31500000090FFFFFFFFFFFFFFFFFFFFFFFFFFFFFFFF6A
S315000000A0FFFFFFFFFFFFFFFFFFFFFFFFFFFFFFFF5A
S315000000B0FFFFFFFFFFFFFFFFFFFFFFFFFFFFFFFF4A
S315000000C0FFFFFFFFFFFFFFFFFFFFFFFFFFFFFFFF3A
S315000000D0FFFFFFFFFFFFFFFFFFFFFFFFFFFFFFFF2A
S315000000E0FFFFFFFFFFFFFFFFFFFFFFFFFFFFFFFF1A
S315000000F0FFFFFFFFFFFFFFFFFFFFFFFFFFFFFFFF0A
S31500000100FFFFFFFFFFFFFFFFFFFFFFFFFFFFFFFFF9
S31500000110FFFFFFFFFFFFFFFFFFFFFFFFFFFFFFFFE9
S31500000120FFFFFFFFFFFFFFFFFFFFFFFFFFFFFFFFD9
S31500000130FFFFFFFFFFFFFFFFFFFFFFFFFFFFFFFFC9
S31500000140FFFFFFFFFFFFFFFFFFFFFFFFFFFFFFFFB9
S31500000150FFFFFFFFFFFFFFFFFFFFFFFFFFFFFFFFA9
S31500000160FFFFFFFFFFFFFFFFFFFFFFFFFFFFFFFF99
S31500000170FFFFFFFFFFFFFFFFFFFFFFFFFFFFFFFF89
S31500000180FFFFFFFFFFFFFFFFFFFFFFFFFFFFFFFF79
S31500000190FFFFFFFFFFFFFFFFFFFFFFFFFFFFFFFF69
S315000001A0FFFFFFFFFFFFFFFFFFFFFFFFFFFFFFFF59
S315000001B0FFFFFFFFFFFFFFFFFFFFFFFFFFFFFFFF49
S315000001C0FFFFFFFFFFFFFFFFFFFFFFFFFFFFFFFF39
S315000001D0FFFFFFFFFFFFFFFFFFFFFFFFFFFFFFFF29
S315000001E0FFFFFFFFFFFFFFFFFFFFFFFFFFFFFFFF19
S315000001F0FFFFFFFFFFFFFFFFFFFFFFFFFFFFFFFF09
S31500000200FFFFFFFFFFFFFFFFFFFFFFFFFFFFFFFFF8
S31500000210FFFFFFFFFFFFFFFFFFFFFFFFFFFFFFFFE8
S31500000220FFFFFFFFFFFFFFFFFFFFFFFFFFFFFFFFD8
S31500000230FFFFFFFFFFFFFFFFFFFFFFFFFFFFFFFFC8
S31500000240FFFFFFFFFFFFFFFFFFFFFFFFFFFFFFFFB8
S31500000250FFFFFFFFFFFFFFFFFFFFFFFFFFFFFFFFA8
S31500000260FFFFFFFFFFFFFFFFFFFFFFFFFFFFFFFF98
S31500000270FFFFFFFFFFFFFFFFFFFFFFFFFFFFFFFF88
S31500000280FFFFFFFFFFFFFFFFFFFFFFFFFFFFFFFF78
S31500000290FFFFFFFFFFFFFFFFFFFFFFFFFFFFFFFF68
S315000002A0FFFFFFFFFFFFFFFFFFFFFFFFFFFFFFFF58
S315000002B0FFFFFFFFFFFFFFFFFFFFFFFFFFFFFFFF48
S315000002C0FFFFFFFFFFFFFFFFFFFFFFFFFFFFFFFF38
S315000002D0FFFFFFFFFFFFFFFFFFFFFFFFFFFFFFFF28
S315000002E0FFFFFFFFFFFFFFFFFFFFFFFFFFFFFFFF18
S315000002F0FFFFFFFFFFFFFFFFFFFFFFFFFFFFFFFF08
S31500000300FFFFFFFFFFFFFFFFFFFFFFFFFFFFFFFFF7
S31500000310FFFFFFFFFFFFFFFFFFFFFFFFFFFFFFFFE7
S31500000320FFFFFFFFFFFFFFFFFFFFFFFFFFFFFFFFD7
S31500000330FFFFFFFFFFFFFFFFFFFFFFFFFFFFFFFFC7
S31500000340FFFFFFFFFFFFFFFFFFFFFFFFFFFFFFFFB7
S31500000350FFFFFFFFFFFFFFFFFFFFFFFFFFFFFFFFA7
S31500000360FFFFFFFFFFFFFFFFFFFFFFFFFFFFFFFF97
S31500000370FFFFFFFFFFFFFFFFFFFFFFFFFFFFFFFF87
S31500000380FFFFFFFFFFFFFFFFFFFFFFFFFFFFFFFF77
S31500000390FFFFFFFFFFFFFFFFFFFFFFFFFFFFFFFF67
S315000003A0FFFFFFFFFFFFFFFFFFFFFFFFFFFFFFFF57
S315000003B0FFFFFFFFFFFFFFFFFFFFFFFFFFFFFFFF47
S315000003C0FFFFFFFFFFFFFFFFFFFFFFFFFFFFFFFF37
S315000003D0FFFFFFFFFFFFFFFFFFFFFFFFFFFFFFFF27
S315000003E0FFFFFFFFFFFFFFFFFFFFFFFFFFFFFFFF17
S315000003F0FFFFFFFFFFFFFFFFFFFFFFFFFFFFFFFF07
S31500000400FFFFFFFFFFFDFFFFFFFFFFFFFFFFFFFFF8
S31500000410FFFFFFFFFFFFFFFFFFFFFFFFFFFFFFFFE6
S31500000420FFFFFFFFFFFFFFFFFFFFFFFFFFFFFFFFD6
S31500000430FFFFFFFFFFFFFFFFFFFFFFFFFFFFFFFFC6
S31500000440FFFFFFFFFFFFFFFFFFFFFFFFFFFFFFFFB6
S31500000450FFFFFFFFFFFFFFFFFFFFFFFFFFFFFFFFA6
S31500000460FFFFFFFFFFFFFFFFFFFFFFFFFFFFFFFF96
S31500000470FFFFFFFFFFFFFFFFFFFFFFFFFFFFFFFF86
S31500000480FFFFFFFFFFFFFFFFFFFFFFFFFFFFFFFF76
S31500000490FFFFFFFFFFFFFFFFFFFFFFFFFFFFFFFF66
S315000004A0FFFFFFFFFFFFFFFFFFFFFFFFFFFFFFFF56
S315000004B0FFFFFFFFFFFFFFFFFFFFFFFFFFFFFFFF46
S315000004C0FFFFFFFFFFFFFFFFFFFFFFFFFFFFFFFF36
S315000004D0FFFFFFFFFFFFFFFFFFFFFFFFFFFFFFFF26
S315000004E0FFFFFFFFFFFFFFFFFFFFFFFFFFFFFFFF16
S315000004F0FFFFFFFFFFFFFFFFFFFFFFFFFFFFFFFF06
S31500000500B005FE1FFD014400180AFE1F010006008B
S31500000510B405FE1F66001500B805FE1F630015082A
S31500000520BC05FE1F65001510C005FE1F64001518EA
S31500000530C405FE1FBF011600C805FE1FBC0116102C
S31500000540CC05FE1FC0011618D005FE1FBD011620E2
S3150000055020000000200001002F0000002F000100F5
S315000005600C00010011000000300000003000010006
S3150000057024000000240001002400020024000300DF
S3150000058024000400240005001300000017000000EA
S3150000059023000000210000002100010007000000E8
S315000005A0070001000700020007000300070004001F
S315000005B007000500070006000700070012000000FC
S315000005C044000000080000000B000000410000008D
S315000005D0400000004000010004000000430000004D
S315000005E02B0000002B000A002B000B002B000C0038
S315000005F02B000D002B0001002B0002002B00030036
S315000006002B0004002B0005002B0006002B00070022
S315000006102B0008002B0009000600000006000A0057
S3150000062006000B0006000C0006000D0006000E007A
S3150000063006000F0006000100060002000600030087
S315000006400600040006000500060006000600070076
S31500000650060008000600090015000000150001004C
S3150000066015000200310000002A00000045000000CD
S315000006701000000003010000030000000300010059
S315000006800F0000000D0000002D00000042000000D9
S315000006902C0000002C0001002C0002002C0003009E
S315000006A032000000280000001800000014000000BE
S315000006B014000100140002001400030014000400DA
S315000006C014000500140006001400070014000800BA
S315000006D01400090034000000340001001600000078
S315000006E0160001003500000036000000360001004B
S315000006F02200000033000000330100002900000042
S3150000070010B5054C237833B9044B13B10448AFF345
S3150000071000800123237010BDB003FE1F00000000FF
S3150000072018B4000008B5034B1BB103490348AFF3E7
S31500000730008008BD00000000B403FE1F18B40000CE
S3150000074010B54FF0FF320023026103750C68636831
S315000007504360A368836023880380A3898381E38938
S31500000760C3816368D3E9011218681268904738B9E3
S31500000770A368D3E90112BDE8104012681868104753
S3150000078010BD00BF20B14FF0022303600020704768
S315000007900120704770B5D0E90123996815680446B1
S315000007A01868CB68984770B90B4B01461B6A2088BE
S315000007B09847022007F00AFC63689B6828461B6975
S315000007C09847122800D070BD63689B6828461B694D
S315000007D0BDE87040184700BFACA600002DE9F04701
S315000007E00A2782B006460D4691469846BA46736970
S315000007F028469847B468CDF800A0002342464946EB
S315000008002846A047B3690446284698470CB1013FDD
S31500000810EDD1204602B0BDE8F08700BFF0B52E4A04
S315000008204368156A9E681F6883B0002104460088E5
S31500000830A847022007F0CAFB01212088A84702200A
S3150000084007F0C4FB00238DF80430742304258DF8CB
S31500000850053027238DF806300DEB05022B46394669
S3150000086030468DF80750FFF7B9FF90BBC0238DF8CF
S31500000870053001AA0223394630468DF80450FFF7A9
S31500000880ADFF30BB22238DF804300C238DF80530E4
S3150000089001AA022339463046FFF7A0FFC8B90B224A
S315000008A08DF805008DF80420022301AA394630464A
S315000008B0FFF794FF68B9E0238DF8043001AA3946A2
S315000008C030460123FFF78AFF18B90523237503B0C5
S315000008D0F0BD642003B0F0BDACA600002DE9F04FDA
S315000008E0D0E90123146895689A6885B0074688465A
S315000008F0186853684FF0FF319847064618B13046DE
S3150000090005B0BDE8F08F032388F804304FF00A0BDA
S315000009106323A8F80000A8F802008DF80B30D9462A
S315000009206B69204698470123CDF800901A460DF1D1
S315000009300B01AE682046B047AB6982462046984711
S315000009402046BAF1000F11D16B699847CDF8009097
S3150000095053466E6801220DF10B012046B047AB6984
S31500000960824620469847BAF1000F07D0BBF1010B2B
S31500000970D6D16426304605B0BDE8F08F9DF80B3021
S315000009805B0748BF04234FF00A0948BF88F80430C4
S31500000990CA466B6920469847CDF800A06E680023CA
S315000009A0042203A92046B047AB690646204698476D
S315000009B01EB1B9F10109ECD1DBE79DF80C309DF8C9
S315000009C00D109DF80E2003F00F0341EA0321BB89A9
S315000009D003FB01F12B4B02F00F04A3FB0120091AC4
S315000009E000EB5101C90AA8F800109DF80F20F989FB
S315000009F042EA042201FB02F2A3FB0213D21A03EB22
S31500000A005203DB0AA8F802303B7D5A1E012A10D990
S31500000A10032B10D098F804303B75042B1AD0B8F984
S31500000A2000303B82B8F902307B82304605B0BDE823
S31500000A30F08F03233B7598F80430032BECD1B7F9FC
S31500000A401020B8F900309A4210D0022388F80430FA
S31500000A503B75E4E7B7F91030A8F80030B7F9123063
S31500000A60A8F80230304605B0BDE8F08FB7F912207D
S31500000A70B8F902309A42E8D1012388F804303B7570
S31500000A80CDE700BF0101100020B14FF00223036043
S31500000A9000207047012070472DE9F04F89B00028EB
S31500000AA04BD00E46002948D0CB68002B45D01B689A
S31500000AB0002B42D0464A0168914204466FD0C0F8E6
S31500000AC03833D3E900753369C0F8403333888380FF
S31500000AD07388C3803389A0F83C337389A0F83E330A
S31500000AE07369C0F84433002100F1100880F86413DC
S31500000AF034230122404606F0D1F8002854D1D4F818
S31500000B0038339B6829461B6838469847054668B9B6
S31500000B10D4F838339B6838469B689847054688B1B1
S31500000B20D4F838339B683846DB689847404606F069
S31500000B3009F9284609B0BDE8F08F0125284609B015
S31500000B40BDE8F08F04F1440B01462422584606F016
S31500000B5007F804F58E7A81461C232A462946504614
S31500000B6006F0C6F959EA000320D1049573681949BD
S31500000B70CDE90233B4220123CDE905324FF40073E7
S31500000B80019304F59C730093134A234604F168000D
S31500000B9006F036FA054648B90D4B2360CEE70E251A
S31500000BA0284609B0BDE8F08F6425C7E7D4F8383386
S31500000BB09B683846DB689847584606F01DF840465D
S31500000BC006F0C0F8504606F0E3F96425B6E700BF24
S31500000BD04C4E50540CA60000DD0B00002DE9F04FE2
S31500000BE087B0044600F1440607F094FC4FF0FF334B
S31500000BF000930025804602AB012202213046029571
S31500000C0006F010F804F1080704F1680B0DF10C0A60
S31500000C1004F58E79D4F8383302959A6818685368C3
S31500000C2039469847F8B9B4F90420B4F908309A421D
S31500000C301BDBB4F90620B4F90A309A4215DB01220F
S31500000C4002AB00951146304605F0ECFF029BDB0730
S31500000C5011D54FF0FF330093012202AB022130463B
S31500000C6005F0E0FFD6E7652801D02573E7E758468B
S31500000C7006F082FAE3E7237B022B5AD907F04AFCF7
S31500000C8094F864338046002B35D0B4F90A30D4F892
S31500000C905803D4F84C23B4F9081003FB02F200FB06
S31500000CA003F3D4F8480300FB0122D4F8540300FBF5
S31500000CB00133D4F850130A44D4F85C130B44D4F827
S31500000CC0601392FBF1F212B2002A93FBF1F3B4F92E
S31500000CD0041022811BB2BCBF00222581002B638138
S31500000CE0BCBF658100239142B4F90620B8BF2181BB
S31500000CF09A42B8BF6281B4F83E33B42B24D0B3F520
S31500000D00877F32D05A2B28D0D4F8403363B197E886
S31500000D100300D4F84423CAF800000DF10C0A05922A
S31500000D20ADF81010504698470121484606F0C8F81D
S31500000D3070E707F0EFFBB4F83C336422B2FBF3F341
S31500000D4043449842F0D999E72389A2886189D21A47
S31500000D50E38822815B1A6381D6E7B4F90A20E38827
S31500000D609B1A228962812381CEE7B4F90820A388E1
S31500000D709B1A628922816381C6E700BF002800F0C2
S31500000D80C580002900F0C280002A00F0BF802DE94E
S31500000D90F041634B04689C4240F0BA80B0F804E02E
S31500000DA000230D1D161D51F82340744500F3B38032
S31500000DB0B0F806C055F82340644500F3AC8052F8FD
S31500000DC02340A645C0F2A78056F82340A44503F168
S31500000DD00303C0F2A080092BE5D1D2E906461368C9
S31500000DE01569A3EB040CD3681B1B5468AD1B05FBEC
S31500000DF00CFCA41B04FB13C3C0F86033002B00F0EB
S31500000E008C808D690B68CC68D7691669641B5B1B7F
S31500000E105568F61BED1B06FB03F305FB1433C0F800
S31500000E2048338D69CE680C6897691368761B641B16
S31500000E30D568DB1BED1B06FB03F305FB1433C0F87B
S31500000E404C331668D1F81880D1F800E09469D2F8CE
S31500000E500CC01369CF6806FB08F50EFB145503FB9F
S31500000E6005F50EFB0CF306FB173307FB04F4566877
S31500000E7008FB1C4406FB0454D56905FB0343C0F874
S31500000E805033CD694B680C69D7691669641B5B1BC7
S31500000E905568F61BED1B06FB03F305FB1433C0F880
S31500000EA054339769CD690E694C681368761B641BC9
S31500000EB0D568DB1BED1B06FB03F305FB1433C0F8FB
S31500000EC058331768D1F81CE09569D1F804C00E694B
S31500000ED0D46807FB0EF10CFB1513116901FB03F136
S31500000EE006FB05F35568D2690EFB14330CFB04F4BC
S31500000EF007FB164405FB031302FB04330122C0F86B
S31500000F005C3380F864230020BDE8F081012070473F
S31500000F100720BDE8F0810320F6E74FF49660F3E77B
S31500000F204C4E505468B108B5074B02689A4201D03E
S31500000F30072008BD00220221443005F095FE00205E
S31500000F4008BD0120704700BF4C4E505468B108B52B
S31500000F50074B02689A4201D0072008BD00220121F2
S31500000F60443005F081FE002008BD0120704700BF17
S31500000F704C4E5054D0B138B50D46C9B10F4B01682F
S31500000F809942044601D0072038BD114600F58E70FF
S31500000F9006F014F80D280FD060B9B4F908302B808C
S31500000FA0B4F90A306B80237B2B7138BD0120704762
S31500000FB0012038BD652038BD142038BD4C4E505434
S31500000FC070B5E8B1114B02689A42044602D0072474
S31500000FD0204670BDD0F8383300F1100500212846B0
S31500000FE01E6805F0C5FE70B9D4F838339B683046E4
S31500000FF09B6898470446284605F0E4FE204670BDE7
S315000010000124204670BD0824E2E700BF4C4E505430
S3150000101038B338B5144B02689A4204461FD1D0F84B
S3150000102038339A6800F168051868D36898472846E7
S3150000103006F0A2F804F1440005F0DEFD04F110000C
S3150000104005F080FE284606F0A3F8284606F07EF84E
S3150000105004F58E7005F09CFF0020206038BD072047
S3150000106038BD0120704700BF4C4E505400B583B0C8
S31500001070EFF3058006F0D2FA0E4B186870B1436A9A
S315000010801A682E21C3F8C01093060ED4EFF303831B
S31500001090A3F1100040B2019304F03AFDEFF305808E
S315000010A003B05DF804EB06F0B7BA0121083005F08D
S315000010B007FFEBE7CC03FE1F20B14FF002230360CE
S315000010C0002070470120704703681A6C126882423C
S315000010D00ED010B51A6D9B6C044610685B69A27C35
S315000010E0218A006B984710B923681B6C1C6010BDE1
S315000010F0002070470268037A10680121C06B002245
S31500001100994005F0B1BD00BF70B5036884B01E6D8F
S315000011100025039536680446D86B0092012202FA30
S3150000112001F141F0020103AB05F07CFD38B90398EB
S3150000113010F0020018BF4FF4967004B070BD072877
S3150000114002D0642004B070BD236884F835509B6CCF
S31500001150306B1B69984720B1122808BF142004B0D1
S3150000116070BD1420E9E700BF70B5F0B190F83430D7
S31500001170012B044602D00725284670BD03681A6D68
S315000011805868156805F0F4FD0646C0B92368286B53
S315000011909B6C1B69984794F83530054643B923681C
S315000011A0586805F00FFE284670BD0125284670BD1B
S315000011B02368586805F006FE84F83560EFE70825D1
S315000011C0DAE700BF38B5C0B190F83430012B0446D9
S315000011D002D00725284638BD03680021586805F067
S315000011E0C7FD68B92046FFF76FFF05460028F1D016
S315000011F02368586805F0E6FDECE70125284638BD6A
S315000012000825284638BD00BF70B108B590F83430BF
S31500001210012B01D0072008BD0368586805F0D2FDF0
S31500001220002818BF082008BD0120704738B503689C
S3150000123004460D46D86B0021022205F015FD2368F1
S315000012402946586805F094FD10B16425284638BD36
S315000012502046FFF739FF054618B994F83530002BBC
S31500001260F4D02368586805F0ADFD284638BD00BFA8
S315000012702DE9F0478AB0002900F08A80044600284C
S3150000128000F086800D68AB6C1A680F46002A7FD086
S315000012905A68002A7CD09A68002A79D0DA68002A2F
S315000012A076D01B69002B73D04B68002B70D090F85A
S315000012B03430012B78D028220021684607F058FEEA
S315000012C025607D68EC4605F1200E28686968AA68E5
S315000012D0EB6866460FC610357545B446F5D12868E5
S315000012E06968514ADFF844A1DFF84491ACE803008D
S315000012F0CDE907243B681B788DF800304FF00108D4
S31500001300EFF3108688F310882068856855454FF0FE
S3150000131034034FF00102494600F1080003D005F0FE
S31500001320BDFC002839D186F3108820684FF0FF31C4
S31500001330083005F01DFD0028E2D1226892F84C30F5
S31500001340A3B3013382F84C302068083005F03AFD2B
S315000013500546002854D16E4604F1080C0DF1200E06
S3150000136037460FCF77450CF1100C06F110064CF8F6
S31500001370100C4CF80C1C4CF8082C4CF8043CEFD123
S3150000138003CE0123CCF80000CCF80410A38600E0BD
S31500001390012528460AB0BDE8F08786F31088642543
S315000013A028460AB0BDE8F0870E25F2E7516C506872
S315000013B03423012205F072FC20BB23682422596CD9
S315000013C0D86B05F0CDFB88B93B68206B9B6C6946F2
S315000013D01B68984723680546D0B91B6D1C602368B7
S315000013E01B6C1C60226892F84C30AAE72368586888
S315000013F005F0A8FC20680830642505F0A3FCC8E7C2
S315000014006425C6E720680830642505F09BFCC0E724
S31500001410586805F097FC2068083005F093FC2368AF
S31500001420D86B05F0E9FBB4E7F51000004554554DBF
S3150000143040A60000002835D010B590F83430012BB6
S31500001440044601D0072010BD00684FF0FF31083078
S3150000145005F08EFC236893F84C20012A1AD11A6DE8
S315000014609B6C12685B68106B98472368586805F098
S3150000147069FC2368D86B05F0BFFB226892F84C30F4
S31500001480013B82F84C302068083005F05BFC0020F8
S31500001490A08610BD013A83F84C202068083005F07C
S315000014A091FCF4E70120704738B5B8B190F83430B4
S315000014B0012B044602D00725284638BD0368586824
S315000014C005F056FC68B92046FFF7FEFD05460028E4
S315000014D0F2D02368586805F075FCEDE7012528462B
S315000014E038BD1425284638BDF0B583B008B1019241
S315000014F01AB90125284603B0F0BD0F460029F8D0D9
S315000015001E4690F83430012B044603D007252846A2
S3150000151003B0F0BD0899FFF789FE05460028E9D11A
S315000015202368019A1D6D986C2B688568186B39467F
S315000015303346A847054640B194F83530002BD9D13B
S315000015402368586805F03EFCD4E7089A84F83560AD
S3150000155002212046FFF7D8FD94F835300546002BCA
S31500001560C8D1EDE7F0B583B008B101921AB90125EB
S31500001570284603B0F0BD0F460029F8D01E4690F865
S315000015803430012B044603D00725284603B0F0BDAE
S315000015900899FFF74BFE05460028E9D12368019A12
S315000015A01D6D986C2B68C568186B39463346A8477D
S315000015B0054640B194F83530002BD9D123685868D8
S315000015C005F000FCD4E7089A84F83560032120462C
S315000015D0FFF79AFD94F835300546002BC8D1EDE7A4
S315000015E020B14FF0022303600020704701207047AE
S315000015F0C8B138B5036A04468BB19A687AB10C490A
S31500001600006888420DD192697AB1186890472046E1
S31500001610002540F8045B05F0BBFC284638BD0120D8
S3150000162038BD072038BD01207047062038BD00BFF1
S315000016304E45504F28B1006818B1044B02689A42D3
S3150000164000D070470121043005F03ABC4E45504F9A
S31500001650F0B587B000283DD00D4600293AD00B687A
S315000016609A68002A36D01268002A33D05A68002AAF
S3150000167030D0224A0168914204463CD00022071D20
S31500001680036211461C23384605F032FC58BB2B6812
S315000016905E683068F3687168B2680DF1040CACE8F6
S315000016A00F002B793069CCF80000BBB1144B0393C3
S315000016B00123049484F824302B68226A9B681068FE
S315000016C01B6801A99847054688B90C4B2360284634
S315000016D007B0F0BD0125284607B0F0BDCDE90333BC
S315000016E084F82430E8E76425284607B0F0BD38467C
S315000016F005F04EFCEFE70825EDE700BF4E45504FDD
S315000017003516000078B108B5094B02689A4201D037
S31500001710072008BD043005F051FC0D2805D000282F
S3150000172018BF652008BD01207047142008BD00BF02
S315000017304E45504F836A026B934235D270B582B0E4
S3150000174090F835204FF0FF310446019162B190F8D0
S315000017503420016A02FB03F332B190F842001944C7
S3150000176001AB184407F0F6FBEFF31086012585F36D
S31500001770108894F91E0004F0CBF994F91E30002B62
S3150000178008DB5A09094903F01F03603205FA03F31F
S3150000179041F82230A369019A5A6086F31088A36A39
S315000017A00133A36202B070BD704700BF00E100E0E4
S315000017B030B585B0EFF3058005F030FFEFF3038316
S315000017C01B4A0193A3F11000126840B252F8303060
S315000017D01C68A269137803F00F03137094F91E3086
S315000017E0002B0DDB5A09134D2032012103F01F0394
S315000017F001FA03F345F82230BFF34F8FBFF36F8F23
S3150000180004F086F9236943B12178019101228DF80C
S3150000181008206269039201A8984704F1400004F089
S31500001820B3F9EFF3058005B0BDE8304005F0F4BE2E
S3150000183060A8000000E100E030B583B0EFF305805A
S3150000184005F0ECFEEFF30383A3F1100464B2204627
S31500001850019304F05DF9254B1B6853F834301C687E
S3150000186094F83630ABB1236BE36294F91E30002B4B
S3150000187008DB1F495809012203F01F0302FA03F38C
S3150000188041F82030EFF3058003B0BDE8304005F0A5
S31500001890C3BEA3695B68E3632046FFF74BFFD4E949
S315000018A00B32934218D294F83450616A05FB03F068
S315000018B085B1013804F13B020144134612F8010FC9
S315000018C001F8010F3A3B94F834001B1B9842F4D8F8
S315000018D0D4E90B320133E3629342C6D0EFF30580BD
S315000018E003B0BDE8304005F097BE00BF60A8000019
S315000018F000E100E010B582B0EFF3058005F08EFE42
S31500001900EFF30383A3F1100464B22046019304F0BD
S31500001910FFF8304B1B6853F834301C6894F83630A7
S31500001920CBB9A3691A78120750D594F83920012A41
S3150000193003D01A786FF345121A702046FFF7FAFEA5
S31500001940A26A236B9A4208D0EFF3058002B0BDE885
S31500001950104005F061BE236BA362A26913786FF392
S315000019604513137094F91D0000280FDB43091A492B
S315000019700122203300F01F0002FA00F041F8230094
S31500001980BFF34F8FBFF36F8F94F91D0004F0C0F8BB
S3150000199094F91D30002B09DB5A090F4803F01F0389
S315000019A00121603201FA03F340F8223094F839300D
S315000019B0012BC9D194F91E20002AC5DB064950091E
S315000019C002F01F02934041F82030BDE7A26A002AC8
S315000019D0B3D0AAE760A8000000E100E030B585B00A
S315000019E0EFF3058005F01AFEEFF30382304901920A
S315000019F0A2F1100309685BB251F833301C68A36981
S31500001A002078DA78D10735D50621BC228DF8081062
S31500001A10DA7094F91E30002B0DDB5A09254D203261
S31500001A20012103F01F0301FA03F345F82230BFF347
S31500001A304F8FBFF36F8FA269137803F00F031370F4
S31500001A40236923B101906269039201A8984704F1C2
S31500001A50400004F099F8EFF30383A3F1100040B2BD
S31500001A60019304F055F8EFF3058005B0BDE830406A
S31500001A7005F0D2BDD1B24D0707D5C9060DD4032254
S31500001A808DF80820B922DA70C3E70A070CD50521BC
S31500001A90B5228DF80810DA70BBE70821AD228DF863
S31500001AA00810DA70A369EDE702238DF80830B0E775
S31500001AB060A8000000E100E020B14FF002230360BF
S31500001AC0002070470120704770B51D4682B0144B48
S31500001AD0069E1B6914460022019201AA98479DF9A9
S31500001AE00410317008B102B070BD002910DB01F19D
S31500001AF06041240101F56141E4B281F80043094BDC
S31500001B0096F900201B6853F832301D6002B070BD94
S31500001B10054B01F00F012401E4B25C54EFE700BF6E
S31500001B2080AE000060A8000014ED00E0FFFFFFFF9C
S31500001B302DE9F04F87B00023824604A8CDE904338F
S31500001B40029303F047FE4A4B02A99B6901930120C9
S31500001B5098478146002845D1029FDAF804504FF095
S31500001B60640BA7FB0B7B03462A463846594607F00B
S31500001B7069F8404B9D420CBF059B049B0C460646EC
S31500001B80A3FB070103FB0B1137A3D3E9002307F0DF
S31500001B9059F8051841EB0108751B64EB0808002489
S31500001BA00126A346C827324600232846414607F0A9
S31500001BB049F8E3B2B3FA83F35B0903FB07736330B7
S31500001BC003F5C87341F10001C01A61F100016422F6
S31500001BD0002307F037F8402808D90134082C4FEACB
S31500001BE04606E0D1484607B0BDE8F08FC0F3470788
S31500001BF0BAF80C80019BCDF80CB0C01BC5B203A986
S31500001C0001209847039BB3FBF6F61B4BB3FBF6F399
S31500001C10B8FBF3F3B8F1000F00D00133DAF82C204B
S31500001C2047F0E0071774DAF82C2045F0E005557404
S31500001C30DAF82C108A7864F306128A70DAF82C2007
S31500001C4011796FF301011171517941F02001517140
S31500001C50DAF82C10CA78484663F30612CA7007B041
S31500001C60BDE8F08FAFF3008000CA9A3B0000000089
S31500001C7050A7000040420F0000CA9A3B2DE9F041F0
S31500001C80C8B1114B1646826A9A42044603D007250C
S31500001C902846BDE8F08100F1510840460F4603F0A2
S31500001CA063FF054658B940462781A67203F06CFFCC
S31500001CB02846BDE8F08101252846BDE8F0810A25C1
S31500001CC02846BDE8F08100BF434949522DE9F04757
S31500001CD094B000284FD00E4600294CD0DFF88494EB
S31500001CE04B684B4547D84B6A002B44D00023DFF89E
S31500001CF07C840A78D8F80C70ADF81220CDE9073349
S31500001D00CDE909331523044607A9ADF8103004A818
S31500001D10B847054680BB73684B4503D1BDF82230F2
S31500001D205B072DD504A803F033FF054620BB736A75
S31500001D301B7884F85230079BE3623378ADF82E3077
S31500001D401523CDE90F00CDE91100ADF82C300FA910
S31500001D500BA8B847054650B904F130030093B27B8F
S31500001D60234601210BA8FFF7AFFE054650B104A894
S31500001D7003F03CFF00E00125284614B0BDE8F087DB
S31500001D800325F9E704F131030093F27B234603218F
S31500001D900BA8FFF799FE05460028E8D104F13203A7
S31500001DA00093327C234602210BA8FFF78DFE0546E1
S31500001DB00028DCD104F1330300930146727C2346EC
S31500001DC00BA8FFF781FE05460028D0D1B646BEE82F
S31500001DD00F00A446ACE80F00BEE80F00ACE80F0009
S31500001DE09EE803008CE8030004A803F017FEE36AEC
S31500001DF01A7865F3C7121A701A78C2F3C0128DF8F2
S31500001E000C201A78C2F3C0128DF80C201B78C3F38D
S31500001E10C0138DF80C309DF80C30E36A1A7842F046
S31500001E2040021A701A78C2F380128DF80D201A78C3
S31500001E30C2F380128DF80D201B78E26AC3F380137B
S31500001E408DF80D309DF80D30537ADBB28DF80E30DB
S31500001E50557294F933009DF80E3003F059FE94F94B
S31500001E603330002B09DB5A09BD4803F01F036032EB
S31500001E70012101FA03F340F8223094F9300003F00F
S31500001E8047FE94F93030002B09DB5A09B44803F0B9
S31500001E901F036032012101FA03F340F8223094F95E
S31500001EA0320003F035FE94F93230002B09DB5A0973
S31500001EB0AB4803F01F036032012101FA03F340F837
S31500001EC0223094F9310003F023FE94F93130002BCF
S31500001ED009DB5A09A24803F01F036032012101FA07
S31500001EE003F340F82230E36A1A7842F080021A704F
S31500001EF01A78C2F3C0128DF80F201A78C2F3C012F6
S31500001F008DF80F201B78C3F3C0138DF80F302046D1
S31500001F109DF80F30FFF70CFE0546002840F01C81A7
S31500001F20904B62689A4204D1E26A537943F0800387
S31500001F305371E36A94F85210DA7842F00202DA70CA
S31500001F40A1F10101DA78B1FA81F1490961F30002E0
S31500001F50DA705A7942F001025A71E26A537943F013
S31500001F6002035371E26A537943F004035371E26A40
S31500001F7053796FF3C3035371E26A537943F0100345
S31500001F805371E36A1A786FF386121A701A78C2F3DD
S31500001F9080128DF80B201A78C2F380128DF80B2070
S31500001FA01B78C3F380138DF80B309DF80B30B369A3
S31500001FB0002B62D00023CDE90B33CDE90D33059319
S31500001FC03378ADF81A301523ADF818300BA906A8EA
S31500001FD0B8478446002840F0D480B3699A68002A3E
S31500001FE000F0B9801A68002A00F0B5805B68002B03
S31500001FF000F0B180D3F80090B9F1000F00F0AB808B
S3150000200094F93030213300F0A680D8F8103006A8B5
S3150000201005AA012198478446002840F0B280B9F805
S315000020200230E26A23F02C039B059B0D43F0080364
S315000020301332A9F80230C9F80420D6F818A0DAF845
S315000020400490B9E80F000DF13C0EAEE80F00D9F888
S315000020500030CEF80030BDF81630ADF840308DF8BF
S3150000206042C0CDF844C0DAF80830DAF800001B6840
S315000020700FA99847002840F08A807369002B58D032
S315000020800023CDE90B33CDE90D3305933378ADF855
S315000020901A3015230BA9ADF8183006A8B84707461D
S315000020A0002870D173699A68002A61D01A68002ADC
S315000020B05ED05B68002B5BD0D3F80090B9F1000FBF
S315000020C056D094F93130213352D0D8F8103006A8C2
S315000020D005AA032198470746002854D1B9F80230CB
S315000020E0E26A23F02C039B059B0D43F40063123236
S315000020F0A9F80230C9F80820D6F81480BDF8169061
S31500002100D8F804E0BEE80F000DF13C0CACE80F0077
S31500002110DEF80030CCF80030ADF840908DF8427013
S315000021201197D8F80830D8F800001B680FA998470F
S3150000213058BB00230C4A84F85130636384F8493055
S31500002140A36384F84A30E36384F84B30236484F84D
S315000021504C30A26210E6012504A803F035FC06E621
S3150000216000E100E040420F004349495280AE0000C2
S315000021700125B369002BEFD09A681868D369984790
S31500002180EAE76546E8E73D46F3E70546F1E7054633
S31500002190E2E700BF10B5C26984B0044682B1836B22
S315000021A0006A0190E06B8DF80C101B1A94F853101E
S315000021B002938DF80D1001A89047002384F84B3048
S315000021C0E36A0022DA7194F9333093420DDB5A093F
S315000021D024480121203203F01F0301FA03F340F8DB
S315000021E02230BFF34F8FBFF36F8F94F93030002B3F
S315000021F00DDB5A091B480121203203F01F0301FAA7
S3150000220003F340F82230BFF34F8FBFF36F8F94F97B
S315000022103230002B0DDB5A0912480121203203F01F
S315000022201F0301FA03F340F82230BFF34F8FBFF3C9
S315000022306F8F94F93130002B0DDB5A0909480121C3
S31500002240203203F01F0301FA03F340F82230BFF3F4
S315000022504F8FBFF36F8F04F1510004B0BDE81040FB
S3150000226003F092BC00E100E010B582B000237C21AF
S315000022700122019104468DF8022080F84B3080F847
S315000022804D3080F84E3080F84F3080F8503090F85E
S315000022904C20806B94F8461084F84830C4E90F034C
S315000022A084F84710002A60D1019B4BB1E26A04E032
S315000022B0019B013B0193019B13B15378DB09F7D1D5
S315000022C0019B002B00F0D980E26A537A0021DBB231
S315000022D08DF80330517294F933009DF8033003F002
S315000022E017FC94F93330002B09DB5A09664803F0D2
S315000022F01F030121603201FA03F340F8223094F9FA
S31500002300300003F005FC94F93030002B09DB5A0944
S315000023105D4803F01F030121603201FA03F340F820
S31500002320223094F9320003F0F3FB94F93230002B9B
S3150000233009DB5A09544803F01F030121603201FAF0
S3150000234003F340F8223094F9310003F0E1FB94F9ED
S315000023503130002B09DB5A094B4803F01F030121DA
S31500002360603201FA03F340F82230E36A94F852101F
S31500002370DA7842F00202DA70A1F10101DA78B1FAF4
S3150000238081F1490961F30002DA705A7942F00102DB
S315000023905A71E16A94F93330CA79002B42F01F0270
S315000023A0CA7108DB38495809012203F01F0302FAF3
S315000023B003F341F82030E16A94F93030CA79002BF2
S315000023C042F02002CA7108DB2F495809012203F0A6
S315000023D01F0302FA03F341F82030E16A94F9323020
S315000023E0CA79002B02F0BF02CA710DDB5A092648D2
S315000023F00121203203F01F0301FA03F340F82230D3
S31500002400BFF34F8FBFF36F8FE16A94F93130CA790A
S31500002410002B42F08002CA7108DB1B4958090122D1
S3150000242003F01F0302FA03F341F8203094F84C300E
S31500002430D3B1002384F84C30E3693BB1002002B0ED
S3150000244010BD94F8513003F0FF029BB19DF80230A5
S3150000245003F0FF02002BF4D194F84B30002BEDD0A3
S3150000246084F84B201220EAE7E26A537843F002032D
S315000024705370E1E78DF80220E8E704F1510003F01C
S3150000248083FB082002B010BD00E100E0002846D022
S315000024902DE9F0410F4682B0002938D01646002AB1
S315000024A035D0826A1D46284B9A42044633D100F144
S315000024B05108404603F058FB00283DD1A3694BB1B3
S315000024C0CDE900009A681868936969469847009BA9
S315000024D09E4233D2A37A84F84A500122934284F86A
S315000024E04920C4E90D7622891BD0D30903F00E03D7
S315000024F0032163F00F0384F8453084F8442084F800
S315000025004610204602B0BDE8F041FFF7ADBE0120FF
S3150000251002B0BDE8F081072002B0BDE8F0810120DD
S3150000252070475200002142F0010284F8451084F8F9
S31500002530442084F84630E4E70A20E9E7404603F001
S3150000254023FB1720E4E700BF4349495200284AD03D
S315000025502DE9F0410D4682B0002946D017461E46A9
S31500002560826A274B9A42044603D0072002B0BDE890
S31500002570F08100F15108404603F0F6FA002838D100
S3150000258063694BB1CDE900009A681868936969469A
S315000025909847009B9F422ED2A37A84F84A60002275
S315000025A0012BC4E90D57E76384F8492012D022892C
S315000025B084F84420D30923F00103022163F00F03BA
S315000025C084F8453084F84610204602B0BDE8F04154
S315000025D0FFF74ABE218984F845204A0084F8442042
S315000025E084F84630F0E701207047012002B0BDE8CC
S315000025F0F0810A20BAE7404603F0C6FA1720B5E78D
S315000026004349495230B5456987B0044635B190F81B
S31500002610493003F0FF02002B00F0F281A56915B1E5
S3150000262094F849304BB9E06BC8B994F84C30B3B95B
S3150000263094F84B309BB907B030BD00238DF81630A7
S31500002640AB6828689B6904A998479DF81630002B4B
S31500002650E9D0AB6828685B6998470123E363E36ABE
S315000026600022DA7194F9333093420DDB5A0964483B
S315000026700121203203F01F0301FA03F340F8223050
S31500002680BFF34F8FBFF36F8F94F93030002B0DDB04
S315000026905A095B480121203203F01F0301FA03F3B4
S315000026A040F82230BFF34F8FBFF36F8F94F932306B
S315000026B0002B0DDB5A0952480121203203F01F037B
S315000026C001FA03F340F82230BFF34F8FBFF36F8F49
S315000026D094F93130002B0DDB5A094948012120328B
S315000026E003F01F0301FA03F340F82230BFF34F8FC4
S315000026F0BFF36F8FE36A5A78510640F19480997858
S3150000270011F007014DD000228DF80D20DA7894F8EB
S31500002710520042F00202DA70A0F10100DA78B0FA53
S3150000272080F0400960F30002DA705A7942F0010243
S315000027305A71E36A01311A7842F020021A701A7847
S31500002740C2F340128DF80E201A78C2F340128DF8AB
S315000027500E201A78E36AC2F340128DF80E209DF817
S315000027600E201A78920608D40BE05A7AC2F30002B9
S315000027708DF80D201A78950603D59DF80D20002AB0
S31500002780F3D0013911F0FF01D5D11A78D00708D45A
S315000027901A7861F304121A701A7842F004021A7059
S315000027A0E36A5A7842F008025A705978E26AC9B266
S315000027B08DF80C10587894F85210C0B28DF80C00B1
S315000027C05B78DBB28DF80C309DF80C30D37843F093
S315000027D00203D370A1F10101D378B1FA81F149095D
S315000027E061F30003D370537943F001035371E36A35
S315000027F000208DF80B005A7811070BD40EE000BFAD
S3150000280000E100E05A7AC2F300028DF80B205A78F4
S31500002810120703D59DF80B20002AF3D09DF80B2054
S31500002820002A40F000811A786FF3C7121A701978DF
S31500002830E26AC1F3C0118DF807101978C1F3C0110F
S315000028408DF807101B78C3F3C0138DF807309DF879
S315000028500730137843F0400313701378E06AC3F32C
S3150000286080138DF808301378C3F380138DF8083081
S315000028701378C3F380138DF808309DF80830437A37
S315000028800021DBB28DF80930417294F933009DF8CE
S31500002890093003F03DF994F93330002B09DB5A096E
S315000028A0894803F01F030121603201FA03F340F85F
S315000028B0223094F9300003F02BF994F93030002BD4
S315000028C009DB5A09804803F01F030121603201FA2F
S315000028D003F340F8223094F9320003F019F994F921
S315000028E03230002B09DB5A09774803F01F03012118
S315000028F0603201FA03F340F8223094F9310003F014
S3150000290007F994F93130002B09DB5A096E4803F0B8
S315000029101F030121603201FA03F340F82230E36A13
S315000029201A7842F080021A701A78C2F3C0128DF833
S315000029300A201A78C2F3C0128DF80A201B78C3F356
S31500002940C0138DF80A3020469DF80A30FFF7F0F8DC
S315000029505E4B62689A4204D1E26A537943F080037F
S315000029605371E36A94F85210DA7842F00202DA7090
S31500002970A1F10101DA78B1FA81F1490961F30002A6
S31500002980DA705A7942F001025A71E26A537943F0D9
S3150000299002035371E26A537943F004035371E26A06
S315000029A053796FF3C3035371E26A537943F010030B
S315000029B05371E36A1A786FF386121A701A78C2F3A3
S315000029C080128DF806201A78C2F380128DF8062040
S315000029D01B78C3F3801320468DF8063001219DF83D
S315000029E00630FFF7D7FB94F84610A26B84F8481020
S315000029F000231220E363226484F84C3007B030BD14
S31500002A008DF81620AB6828689B6904A998479DF83D
S31500002A101630002B3FF402AEAB6828685B69984716
S31500002A200123E363FAE500228DF80F20DA7894F8A3
S31500002A30521042F00202DA70A1F10101DA78B1FA1D
S31500002A4081F1490961F30002DA705A7942F0010214
S31500002A505A71E36A09211A7842F020021A701A782C
S31500002A60C2F340128DF810201A78C2F340128DF886
S31500002A7010201A78E36AC2F340128DF810209DF8F0
S31500002A8010201A78950608D40BE05A7AC2F3000291
S31500002A908DF80F201A78900603D59DF80F20002A8E
S31500002AA0F3D0013911F0FF01D5D11A78D2073FF5DD
S31500002AB0BAAE1A7861F304121A701A7842F0040258
S31500002AC01A70E36AAFE600BF00E100E040420F0083
S31500002AD038B1054A836A934201D007207047FFF751
S31500002AE091BD0120704700BF4349495230B583B0BC
S31500002AF0002877D03D4B826A9A42044603D00725C8
S31500002B00284603B030BDFFF77DFDA36900220546C8
S31500002B10A2621BB19A681868D369984763691BB1AA
S31500002B209A681868D3699847E36A0022DA7194F9BB
S31500002B30333093420DDB5A092D482032012103F030
S31500002B401F0301FA03F340F82230BFF34F8FBFF3A0
S31500002B506F8F94F93030002B0DDB5A092448203250
S31500002B60012103F01F0301FA03F340F82230BFF3FB
S31500002B704F8FBFF36F8F94F93230002B0DDB5A095C
S31500002B801B482032012103F01F0301FA03F340F82A
S31500002B902230BFF34F8FBFF36F8F94F93130002B84
S31500002BA00DDB5A0912482032012103F01F0301FAF6
S31500002BB003F340F82230BFF34F8FBFF36F8F14F843
S31500002BC0513BADF80630152201A8ADF8042002F0FD
S31500002BD0FBFE01A803F00AF8204602F0D5FF2846BE
S31500002BE003B030BD0125284603B030BD43494952E4
S31500002BF000E100E030B583B0EFF3058004F00EFD90
S31500002C00EFF30383A3F1100040B2019302F080FFBB
S31500002C10EFF3038272490192A2F1100309685BB2D5
S31500002C2051F833301C6894F84D30002B50D1A36B0B
S31500002C30022B04D8E26A137943F040031371E36B65
S31500002C40012BE36A1A7942F010021A711A79C2F35B
S31500002C5000126AD08DF801201A79C2F300128DF89D
S31500002C6001201A79C2F300128DF801209DF8012087
S31500002C701A796FF3C3021A71A169A9B194F84930A0
S31500002C8093B1A36B032B0FD98A6808685568626BEA
S31500002C90033B9BB20021A847A36B0321033BC4E976
S31500002CA00F13012284F84E20E26A537A9906FCD566
S31500002CB0D37CDBB28DF8003001229DF8003084F819
S31500002CC04D20EFF3058003B0BDE8304004F0A4BC0E
S31500002CD094F84E304BB1002384F84E30EFF3058064
S31500002CE003B0BDE8304004F097BCE36B002BF5D091
S31500002CF0032B48D0022B2BD0012B4AD0E26A606B03
S31500002D00216C537A9B06FCD5D37C4354E36B012B91
S31500002D1005D1E26A13796FF386131371E36B226CA4
S31500002D20013B0132C4E90F32D8E78DF802201A7947
S31500002D30C2F300128DF802201A79C2F300128DF840
S31500002D4002209DF802201A7942F008021A7193E7D0
S31500002D50E36A1A7942F010021A711A79C2F3001264
S31500002D608DF804201A79C2F300128DF804201A791E
S31500002D70C2F300128DF804209DF804201A7942F05F
S31500002D8008021A71BAE7E26A137943F04003137135
S31500002D90B4E794F84A2002F0FF013AB1E16A4A78B2
S31500002DA042F004024A7084F84C30A7E7E26A537A8C
S31500002DB061F3C3035372E36A5A7842F008025A7009
S31500002DC05A78D2B28DF803205A78D2B28DF8032001
S31500002DD05B78DBB28DF803309DF803308EE700BFD9
S31500002DE060A800002DE9F04182B0EFF3058004F001
S31500002DF015FCEFF30383A3F1100040B2019302F038
S31500002E0087FEEFF3038263490192A2F1100309687A
S31500002E105BB251F833301C6894F84750002D4AD104
S31500002E2094F8493003F0FF02002B3DD194F84F305F
S31500002E30002B5DD1E36B5BB1226C616BE36A8A5C4C
S31500002E409A74D4E90F320132013BC4E90F325BBBFD
S31500002E5094F93130002B0DDB5A094F4801212032FD
S31500002E6003F01F0301FA03F340F82230BFF34F8F3C
S31500002E70BFF36F8F94F93250E46A284602F048FE99
S31500002E80002D4FDB6B099B0003F1604305F01F0526
S31500002E90012003F5614300FA05F5C3F88051E27994
S31500002EA042F04002E2711D60EFF3058002B0BDE81A
S31500002EB0F04104F0B1BB94F84630032B22D0012B2D
S31500002EC094F8446018D8012D31D0E36A9E7494F8C2
S31500002ED0482094F847300132013B84F8482084F8B2
S31500002EE04730EFF3058002B0BDE8F04104F094BB33
S31500002EF0E36B84F84F20AAE794F848204AB994F87F
S31500002F004560E0E794F84820022A2AD094F8446005
S31500002F10F4E7022AD7D1032B04BF94F8456046F0A4
S31500002F200106D0E7E37943F04003E371BCE7636948
S31500002F30002BCAD094F8491001F0FF070029C4D12C
S31500002F40A26B002AC1D09A681868D2F80480A38FB1
S31500002F50616B3A46C047A36B84F84F50C4E90F73C0
S31500002F60B3E794F850100029D0D194F93250E46AAE
S31500002F70284602F0CDFD002DD4DB6B099B0003F142
S31500002F80604305F01F05012203F5614302FA05F5CA
S31500002F9083E700BF60A8000000E100E010B582B042
S31500002FA0EFF3058004F03AFBEFF303824849019200
S31500002FB0A2F1100309685BB251F833301C6894F82B
S31500002FC049301BB194F84730012B55D0E36B002BE9
S31500002FD03BD0E36A5A7A6FF386125A725A7AE06ADB
S31500002FE0C2F380128DF80220597A94F93220C1F387
S31500002FF080118DF802105B7AC3F380138DF80230CE
S315000030009DF80230C379002A03F0BF03C3710DDBBC
S31500003010530930480121203302F01F0201FA02F25F
S3150000302040F82320BFF34F8FBFF36F8FEFF3038377
S31500003030A3F1100040B2019302F06AFDEFF30580A0
S3150000304002B0BDE8104004F0E7BA94F84A30FBB984
S31500003050E36A5A7842F008025A705A78D2B28DF86A
S3150000306003205A78D2B28DF803205B78DBB28DF854
S3150000307003309DF80330ACE794F85020002AA5D120
S31500003080E16A4A7842F004024A7084F85030A0E7B8
S3150000309094F9310002F03CFD94F93130002B09DB44
S315000030A05A090C4803F01F030121603201FA03F3A9
S315000030B040F82230E26A537843F004035370E26A20
S315000030C0537901216FF30003537184F84C1080E7A4
S315000030D060A8000000E100E000B583B0EFF30580D2
S315000030E004F09CFAEFF303823E490192A2F1100329
S315000030F009685BB251F833301868C36A5A7A12F01D
S31500003100010204D0597A6FF3000101225972597AEB
S31500003110890705D5597A6FF3410142F002025972C7
S31500003120597AC90605D5597A6FF3041142F010028F
S315000031305972597A490721D593F809C06FF3820C61
S3150000314083F809C093F809C01CF0080F42F0040187
S315000031501AD093F809C06FF3C30C83F809C0D2B133
S3150000316041F00801C9B20123CA0780F84B3033D4B5
S31500003170CA0630D5102380F853302FE093F809C0E3
S315000031801CF0080F1146E4D1002AECD190F84C301F
S3150000319093B14B0710D5C36A5A7A6FF304125A7269
S315000031A05A7A6FF3C3025A7290F84930002B14BF53
S315000031B002210321FEF7EEFFEFF30383A3F11000D4
S315000031C040B2019302F0A4FCEFF3058003B05DF872
S315000031D004EB04F021BA022380F85330FFF712FA09
S315000031E0EAE700BF60A8000010B40B4B1C68B4EB04
S315000031F0102F03D803205DF8044B704749B15B6874
S315000032005DF8044B020A520104330020D3580B80A8
S3150000321070470120EFE700BF6803FE1FD2B110B46C
S315000032200D4B1C68B4EB102F4FEA102C03D803206B
S315000032305DF8044B70475B6822EA01004FEA4C1CBC
S3150000324008330A4042EA00424CF8032000205DF8A9
S31500003250044B7047032070476803FE1F12B310B477
S31500003260114B1C68B4EB102F4FEA102C03D8032027
S315000032705DF8044B70475C684FEA4C1C02EA010398
S3150000328054F80C00034361EA02019AB2114054F863
S315000032900C20120C1204114344F80C1000205DF8A7
S315000032A0044B7047032070476803FE1F10B40B4B96
S315000032B01C68B4EB102F03D803205DF8044B70474D
S315000032C051B15B685DF8044B020A520104330020D9
S315000032D0D3581B0C0B8070470120EEE76803FE1FD6
S315000032E010B40D4C2368B3EB102F03D803205DF800
S315000032F0044B7047002AF9D063684FEA102C083354
S3150000330022EA010003EB4C130A4042EA00425A60EB
S3150000331000205DF8044B70476803FE1F20B14FF094
S3150000332002230360002070470120704738B50488E7
S31500003330002C4DD043680021043303EBC40040F257
S3150000334002450C4640F2034C40F2044E0FE0624543
S3150000335030D153F8042C02F0B852B2F1807F14BF7A
S3150000336041F0020144F002040833834211D01A8866
S31500003370AA42ECD153F8042C02F0B852B2F1807F85
S3150000338003F1080314BF41F0010144F00104834234
S31500003390EDD1C943CDB2012002F0A6FC0D4B93F846
S315000033A0BB2414432C4083F8BB44BDE838400120BD
S315000033B002F06ABC7245D7D153F8042C02F0B85219
S315000033C0B2F1807F0CBF44F0040441F00401CBE766
S315000033D0FF25E0E700E00140012958D870B42E4BE4
S315000033E01A68B2EB102F4FEA102409D99A68C0B2B6
S315000033F052F8245000F110060122B2402A4202D1AE
S31500003400032070BC704700EB0410D3E9035454F852
S31500003410203000293DD043F00401204E0E40EFF34A
S31500003420108C012383F310881D4B1A8892B212B9AF
S31500003430EA704022EA701A88013292B21A808CF33E
S31500003440108811F4803F54F8202007D022F48032EF
S3150000345044F82020134A0A4044F8202044F820600B
S31500003460EFF31081012282F310881A8892B21AB102
S315000034701A88013A92B21A801B889BB213B980222D
S31500003480EB70EA7081F31088002070BC704703204F
S31500003490704723F00401C0E76803FE1FD5FC011F37
S315000034A0D003FE1FD5FC001F70B582B00446002570
S315000034B001A80E468DF8045002F07EF99DF80430FE
S315000034C0DB0713D5202C0ED8012E0CD8094BDB6850
S315000034D01A780CBF22EA04041443284604F0300488
S315000034E01C7002B070BD032002B070BD062002B091
S315000034F070BD00BF6803FE1F002861D02DE9F047AC
S3150000350043680646002B58D0FFF710FF3388002B80
S3150000351050D02C4F2C4A4FF0000C4FF0010E4FF0BC
S31500003520400A4FF080097168F8681FFA8CF401EBC5
S31500003530C40351F834509B883C69190ADBB203EB8B
S315000035400113EFF310888EF31088118889B211B930
S31500003550C17080F803A01188013189B2118088F307
S31500003560108815F4803F54F8231007D021F48031D9
S3150000357044F8231025F4803144F8231044F82350EE
S31500003580EFF310818EF3108813889BB21BB113885A
S31500003590013B9BB2138013889BB213B9C37080F8AA
S315000035A0039081F3108831880CF1010C1FFA8CF31B
S315000035B09942B8D80020BDE8F0870120BDE8F08721
S315000035C0012070476803FE1FD003FE1F00282ED07F
S315000035D070B5436886B00446002B2AD01649174DAD
S315000035E0CE68092200230192CDE90233CDE90433E6
S315000035F002A901A8B0470A238DF80430029B6B602C
S31500003600059BAB6002A9BDF80C302B6001A8B04742
S31500003610012302A98DF8053001A8029B2B61B04752
S31500003620029BEB602046FFF767FF06B070BD0120E6
S315000036307047012006B070BD80AE00006803FE1F13
S3150000364030B4124C2268B2EB102F0CD9A268030AD0
S31500003650C0B252F8235000F1100C012202FA0CFC01
S315000036601CEA050F02D1032030BC704751B1226914
S3150000367000EB031330BC52F82330C3F340030020A1
S315000036800B707047104630BC704700BF6803FE1FC2
S3150000369030B4154C2368B3EB102F0CD9A368020A7B
S315000036A0C0B253F8225000F1100C012303FA0CFCAF
S315000036B01CEA050F02D1032030BC704789B164684B
S315000036C05201043403FA00F0145982B200EA14409D
S315000036D0824214BF0020002030BC0CBF0B70087063
S315000036E07047184630BC70476803FE1F10B5174A6E
S315000036F01468B4EB102F0DD9030A9468C0B254F8BD
S31500003700234000F1100C4FF0010E0EFA0CFC1CEADF
S31500003710040F01D1032010BD7145FBD852680CD0AF
S31500003720083202EB43130EFA00F0596841EA0041F1
S31500003730090C09045960002010BD083202EB43133E
S3150000374081405868014389B2F4E700BF6803FE1F51
S31500003750012921D830B4124C2368B3EB102F4FEA5D
S3150000376010220BD9A368C0B253F8225000F1100CF6
S31500003770012303FA0CFC1CEA050F02D1032030BC1E
S31500003780704703FA00F049B183B26168520108310B
S315000037900020535030BC7047032070470304F4E701
S315000037A06803FE1F2DE9F0412E4D2B68B3EB102F59
S315000037B084B00CD9AB68060AC7B253F8263007F1B5
S315000037C010024FF0010808FA02F21A4203D1032050
S315000037D004B0BDE8F08102ABADF80C0068460C46BB
S315000037E002910193ADF80080FFF7A0FDD5E90351E2
S315000037F007EB0613EFF3108688F310881A48028841
S3150000380092B212B9EA704022EA700288013292B28C
S31500003810028086F31088E60351F8232007D522F4A8
S31500003820803241F8232024F4803241F8232041F8E5
S315000038302340EFF31082012383F3108803889BB2A1
S315000038401BB10388013B9BB2038003889BB213B96B
S315000038508021EB70E97082F31088002004B0BDE887
S31500003860F08100BF6803FE1FD003FE1F80B1094B25
S3150000387002689A420AD110B44468427CA35C61F3A0
S315000038800103A35400205DF8044B704707207047DE
S31500003890012070475543490068B1084B02689A42B7
S315000038A007D14168427C8B5C43F080038B54002037
S315000038B07047072070470120704700BF55434900F5
S315000038C068B1084B02689A4207D14168427C8B5C1A
S315000038D06FF3C7138B5400207047072070470120F1
S315000038E0704700BF5543490020B14FF002230360E3
S315000038F0002070470120704780B3194B02689A4236
S3150000390028D190F9103013F1210F25D0002B10B5D6
S315000039101BDB5909134C0122203103F01F0302FA65
S3150000392003F344F82130BFF34F8FBFF36F8F90F945
S315000039301030002B09DB5909603103F01F0302FA2E
S3150000394003F344F8213090F91030184602F0E0F8FD
S31500003950002010BD07207047642070470120704783
S315000039605543490000E100E058B310B5164B026814
S315000039709A42044621D190F9100010F1210F1ED071
S3150000398002F0C6F894F91030002B14DB59090F48E1
S3150000399003F01F030122603102FA03F340F82130DD
S315000039A094F91030002B06DB590903F01F0302FAC5
S315000039B003F340F82130002010BD072010BD64201D
S315000039C010BD0120704700BF5543490000E100E0EB
S315000039D0002843D010B5224B02689A4282B00446B2
S315000039E039D190F91000627CADF80620062310F15B
S315000039F0210FADF8043027D000281BDB42091949F6
S31500003A000123203200F01F0003FA00F041F82200E3
S31500003A10BFF34F8FBFF36F8F94F91000002809DBB7
S31500003A204209603200F01F0003FA00F041F822005C
S31500003A3094F9100002F06CF80B4B94F910101B6807
S31500003A4053F8313000221A6001A802F0CFF80020A6
S31500003A50206002B010BD072002B010BD01207047E3
S31500003A605543490000E100E060A8000000B583B0BE
S31500003A70EFF3058003F0D2FDEFF303820F490092C6
S31500003A80A2F1100309685BB251F833301B689A68DB
S31500003A902AB1597C0191DB68009368469047EFF3A1
S31500003AA00383A3F1100040B2009302F031F8EFF364
S31500003AB0058003B05DF804EB03F0AEBD60A800001E
S31500003AC030B5254B83B01446002242801B69019213
S31500003AD00D4601AA217898479DF904302B7410B938
S31500003AE013F1210F01D103B030BD62781B491201D9
S31500003AF0002B0968D2B229DB03F1604000F5614072
S31500003B0080F8002351F833301D602379002BEAD06A
S31500003B1095F9100001F0FCFF95F91030002BE2DB5F
S31500003B2059090F4803F01F030122603102FA03F31B
S31500003B3040F8213095F91030002BD4DB590903F0F9
S31500003B401F0302FA03F340F82130CCE7054803F0DF
S31500003B500F0C60440276D5E780AE000060A8000036
S31500003B6000E100E0FCEC00E070B586B000294FD023
S31500003B70064600284CD000230622CDE90123CDE9D4
S31500003B8003330593294B0C46DB6802A901A8984725
S31500003B900546002839D1029ABDF80E30726013F03E
S31500003BA0040F23780CBF082210229A4238D9A26843
S31500003BB012B16278FF2A36D001A8ADF8063001F0BE
S31500003BC0E7FF054640BBA368B360E368F36023786C
S31500003BD07374224601A83146FFF772FF7168727C42
S31500003BE0E0788B5C60F305138B547168727CA07867
S31500003BF08B5C60F301038B547168727C60798B5C1B
S31500003C0060F3C7138B540A4B3360284606B070BD69
S31500003C100125284606B070BD0825284606B070BDA9
S31500003C2040F27A55F1E70325EFE700BF80AE0000CA
S31500003C3055434900034B04301B6823F8201000202D
S31500003C40704700BFD403FE1F034B1A68031D0020F4
S31500003C5022F82300704700BFD403FE1F034B1A68E7
S31500003C60137843F08003002013707047D403FE1FBF
S31500003C70034B1A6813786FF3C7130020137070474D
S31500003C80D403FE1F20B14FF00223036000207047CB
S31500003C900120704770B586B0002833D01B4A002338
S31500003CA00B21CDE90113CDE90333D2680593044610
S31500003CB002A901A89047054610B1284606B070BD76
S31500003CC0134E029B336001A801F0A8FE636873B12E
S31500003CD030682B46A26812F8231002EB83020431E7
S31500003CE0528820F82120626801339A42F2D823785C
S31500003CF0002BE2D032681378284643F08003137015
S31500003D0006B070BD0125284606B070BD80AE000025
S31500003D10D403FE1F60B1012808D1094B1B6800209F
S31500003D2040214122187119711A717047012070479C
S31500003D30034B1B6840214122987099709A70704716
S31500003D40D403FE1F062070470620704790B10A4B29
S31500003D5002689A420CD190F90630084AC0331268BC
S31500003D6052F823106FF3186142F8231000207047B1
S31500003D70072070470120704700435444E003FE1FAC
S31500003D8020B14FF0022303600020704701207047E6
S31500003D90002830D0234B02689A422ED159B310B472
S31500003DA0214B1B68DB8900228A7113F4004F9AB2FB
S31500003DB090F906302AD11D4C54F82320D37803F00D
S31500003DC0C003802B2AD0D3899BB28B80D27802F095
S31500003DD0C002402A04BFDBB28B8090F9063054F84B
S31500003DE02330D87810F0C00009D14FF480335DF845
S31500003DF0044B0B60704701207047072070474FF453
S31500003E00807300205DF8044B0B60704752B29342FA
S31500003E10D1D101238B7190F90630CCE793898B8041
S31500003E20DBE700BF00435444DC03FE1F0000FE1F17
S31500003E3010B3124A01689142034619D190F906203F
S31500003E4012F1210F16D010B40D490E4C0968C0327C
S31500003E5051F822006FF3186041F8220093F906101A
S31500003E60002244F821201A6010465DF8044B704782
S31500003E70072070470B2070470120704700435444C9
S31500003E80E003FE1F0000FE1F50B31F4B02689A425C
S31500003E9028D190F9063013F1210F2ED01B4A52F883
S31500003EA023209168E1B15168D1B1D17801F0300198
S31500003EB0102919D0202910D0154AC033126852F89B
S31500003EC023106FF3104142F8231052F8231041F0EB
S31500003ED0807142F8231000207047916889070ED040
S31500003EE00120704707207047906810F00100F8D154
S31500003EF0506810F00100DFD070470B207047526801
S31500003F009207EDD1D8E700BF004354440000FE1FDE
S31500003F10E003FE1FF0B583B00191009200284AD05D
S31500003F2090F90620294D55F82240E17811F0C0019C
S31500003F3036D1274904688C4240D12649264C096867
S31500003F402468C03251F822606FF3186641F8226087
S31500003F5022786FF304122270019A2AB190F9062092
S31500003F60019955F822205160009A2AB190F906204D
S31500003F70009955F82220916090F9062055F82210F4
S31500003F80CA7802F0C002802A1ED002B9CB81FFF7A0
S31500003F907BFF237843F01003237090B903B0F0BD84
S31500003FA07BB10B4E0768B74208D18029C5D1E1899C
S31500003FB089B20029C1D1012003B0F0BD072003B0AA
S31500003FC0F0BD132003B0F0BD8B81E0E70000FE1FBB
S31500003FD000435444E003FE1FDC03FE1FF0B583B02C
S31500003FE001919DF820C0BDF824600092002853D0AE
S31500003FF090F906202C4C54F82210C97801F0C00123
S3150000400080294CD1002E47D0002B45D02749056882
S315000040108D4247D12649274D09682D68C03251F88F
S3150000402022706FF3186741F822702A786FF3041232
S315000040302A70019A2AB190F90620019954F8222093
S315000040405160009A2AB190F90620009954F822206E
S31500004050916090F9062054F82220968190F9062066
S3150000406054F82220D38190F9063054F82330DA78B8
S315000040706CF30512DA7090F9063054F823309A7B07
S31500004080DA73FFF701FF2B78002843F0100318BFFF
S3150000409013202B7003B0F0BD012003B0F0BD062045
S315000040A003B0F0BD0720F8E70000FE1F00435444AC
S315000040B0E003FE1FDC03FE1F00287CD02DE9F0473D
S315000040C00D4686B0002954D00B68002B51D0DA7803
S315000040D012F0C00F064647D1504B32689A424CD078
S315000040E04F4F3B78002B4CD04E4B1C68B5F804E084
S315000040F0002302E00133702B5FD003F1C00C59B2EC
S3150000410054F82C20C2F308029645F3D154F82C201B
S31500004110454CC2F30802B28054F823206ABB2A68D1
S31500004120D07810F0C00F1CBF907BD073907810F041
S31500004130C00002F11002F3D13C4ADFF8E0C0176874
S315000041403A7860F304123A702A6844F82320B17171
S31500004150C6F800C0A879002836D13B7843F0100392
S315000041603B7006B0BDE8F087DB899BB2B3F5807F74
S31500004170B2D9012006B0BDE8F087082006B0BDE838
S31500004180F0870822CDE90123CDE903330593284BB7
S315000041900DEB0201DC6801A8A0470028EAD1DFF890
S315000041A08C90029BC9F8003001A801F0F1FC804612
S315000041B0A8B10A20DEE701207047D4F87C32C3F3A9
S315000041C008030B20B380D5E73046FFF75DFE3B784A
S315000041D0002843F010033B7018BF1320CAE7DFF82E
S315000041E048A001A801F01AFC41464FF4E07250467F
S315000041F004F0BEFED9F80030C3F804A01A7B42F0E2
S3150000420001021A7306238DF8043002A901A8A047FB
S31500004210044B029C1C6001233B7067E70043544437
S31500004220D803FE1FE003FE1F0000FE1FDC03FE1F77
S3150000423080AE0000062070470620704706207047B3
S3150000424020B14FF002230360002070470120704721
S3150000425032490B6893F8282002F03003102B0CD05B
S31500004260202B02D000238B61704790F82B302C4A0C
S315000042709B0932F813305BB97047038D10B403F015
S315000042800303284C34F8133003BB5DF8044B704726
S3150000429007EE903AB8EE677AD1ED047A90F82B30B3
S315000042A0F8EE676A03F01F03C6EE877A07EE103A48
S315000042B0B8EE477AF7EE006A37EE267A67EE877A27
S315000042C0FCEEE77A17EE903A8B617047520622D5DC
S315000042D0028D12F0100F0CBF0322002201EB8202A6
S315000042E007EE903AD2ED016A038DF8EE677AF8EEA2
S315000042F0666AC3F3052386EEA77A013307EE903A82
S31500004300FAEEEF7A67EE277AFCEEE77AC1ED067AE7
S315000043105DF8044B70470322E0E700BF7C03FE1FF5
S31500004320C4A70000D4A7000051B3062810B429D0B2
S3150000433005280AD004282DD0D8B1012842D0022859
S3150000434038D003282ED0032010E0224C0023E06949
S315000043500B60026AC2F3027290F8263003F007037C
S3150000436004EB830300205B68D3400B605DF8044BCD
S315000043707047184C0860E069026AC2F30232EBE744
S3150000438001207047134C0023E0690B60026AC2F3F8
S315000043900262E1E70F4C0023E0690B60026AC2F398
S315000043A00242D9E70B4C0023E0690B60026A02F077
S315000043B00702D1E7074C0023E0690B60026AC2F3EB
S315000043C00212C9E7034C0023E0690B60026AC2F3DC
S315000043D00222C1E77C03FE1F38B5084BDD6904469F
S315000043E0002001F081FC95F8303064F300030020D2
S315000043F085F8303001F048FC002038BD7C03FE1FF4
S3150000440010B5084BDC69002001F06EFC94F85230C0
S3150000441043F00103002084F8523001F035FC0020FF
S3150000442010BD00BF7C03FE1F10B5084BDC690020E1
S3150000443001F05AFC94F852306FF30003002084F820
S31500004440523001F021FC002010BD00BF7C03FE1F8E
S3150000445010B5084BDC69002001F046FC94F83E30AC
S3150000446043F08003002084F83E3001F00DFC00206C
S3150000447010BD00BF7C03FE1F10B5084BDC69002091
S3150000448001F032FC94F83E306FF3C713002084F835
S315000044903E3001F0F9FB002010BD00BF7C03FE1F7B
S315000044A010B5084BDC69002001F01EFC94F853306F
S315000044B043F00103002084F8533001F0E5FB0020AF
S315000044C010BD00BF7C03FE1F10B5084BDC69002041
S315000044D001F00AFC94F853306FF30003002084F8CF
S315000044E0533001F0D1FB002010BD00BF7C03FE1F3E
S315000044F038B5084BDD690446002001F0F5FB95F858
S31500004500243064F30613002085F8243001F0BCFB48
S31500004510002038BD7C03FE1F30B583B001F0A6F83D
S315000045204FF0E02301901D69186910F0020028D0B1
S31500004530DDED017A164CF8EE677AF7EE006A86EE44
S31500004540A77A0020186194F82320D1B2DFED117A02
S31500004550DFED116A27EE277AC6EE877AFCEEE77A58
S3150000456017EE902A013AB2F1807F0CD25A61F022FE
S3150000457084F8232001F0F001072298611A6184F87B
S31500004580231003B030BD12201D6103B030BD00BF43
S3150000459000ED00E00024744900401C4608B1FFF716
S315000045A0BBBF0320704700BF052827D070B5144B4A
S315000045B00428DD6904460E4606D195F88034DB07EB
S315000045C002D54FF4C87070BD002001F08DFB95F840
S315000045D03E306FF3C71385F83E3095F83E3066F3EC
S315000045E0061385F83E3095F83E3064F3020300204A
S315000045F085F83E3001F048FB002070BD032070476F
S315000046007C03FE1F38B5002402F0070261F30E3466
S315000046109DF810C09DF8141062F30A2463F3061483
S315000046200E4B6CF302041B6861F312449DF81810DC
S3150000463093F82A3061F31E749DF81C10054661F349
S315000046401A645B0748BF62F31244002001F04CFB7A
S315000046502C62BDE83840002001F016BB7C03FE1F2B
S3150000466010B5174BDC6994F84120D00706D494F8AE
S315000046704130DB074FF0000010D410BD1A6894F8E3
S31500004680263092F82820510603F0070313D4052B91
S3150000469001D0032BEBD140F2971010BD01F024FBA3
S315000046A094F841306FF30003002084F8413001F0A4
S315000046B0EBFA002010BD228DD206EAD4E7E700BF50
S315000046C07C03FE1F062070470620704706207047B1
S315000046D006207047024630B329B3144BDB6993F8C2
S315000046E026C0CCF3020C82F800C01A6AC2F302326A
S315000046F00A701A6AC2F302224A701A6AC2F30212D6
S315000047008A701A6AC2F30202CA701A6AC2F30242B5
S315000047100A711A6AC2F302724A711B6AC3F3026310
S3150000472000208B7170470120704700BF7C03FE1F7D
S315000047302DE9F84300295AD0002874D03D4DEB6985
S3150000474093F8AA4014F001046DD193F8A020196AD9
S315000047501C6A1F6A2E68C7F3021C1F6A07F0070E41
S315000047601F6AD3F820901B6AC3F30268B36802F08D
S315000047700302C1F30231C4F30224C7F30247C9F3AB
S31500004780027953B3032A28D133698B422DD8A34229
S315000047902BD8634529D8734527D84B4525D8BB4226
S315000047A023D8434521D80146012001F021F8EC69C0
S315000047B0002001F099FA94F8403043F0800384F821
S315000047C0403094F8403043F00103002084F8403034
S315000047D001F05AFA0020BDE8F883F368002BE2D016
S315000047E0022AE0D173698B42D1D90520F3E7114B38
S315000047F0DD6995F84130DB0718D408460C4601F010
S3150000480073FA95F8403064F3000385F8403095F864
S31500004810403064F3C713204685F8403001F034FA7F
S315000048202046BDE8F8830120BDE8F8834FF4CB703D
S31500004830BDE8F8837C03FE1F70B5434D88B028465B
S3150000484000F0C2FF414A00230321CDE90433CDE93C
S3150000485006330191D26804A901A89047049CEC6133
S315000048604FF6FF73029394F83630DE0754D50020D6
S3150000487001F03AFA94F8A530062262F3020384F8AE
S31500004880A530002001F000FA2B68EC69D3E9062375
S315000048902B612F4BAB6000204FF400434FF6FF76A1
S315000048A06A60A861EB606B61029601F01DFA94F8EC
S315000048B0803443F0010384F88034002001F0E4F9E9
S315000048C0EC69039694F88034D80714D5039BFBB1A2
S315000048D02B68226A93F8225094F82630002001F0C3
S315000048E003FA94F88034DB0727D4002001F0CCF9D2
S315000048F0002008B070BD039B002BE7D0039B013B53
S31500004900039394F88034DA07F5D5039B002BDFD1A7
S315000049104FF4CD7008B070BD94F83C30D90708D478
S31500004920029B33B1029B013B029394F83C30D907BA
S31500004930F6D5029B002B9AD1EAE794F8813423EA54
S31500004940050384F88134D0E77C03FE1F80AE0000A7
S3150000495000127A0005292ED8DFE801F00A11181F87
S31500004960260390F82A0000F0010080F0010070474D
S3150000497090F8360000F0010080F00100704790F8D2
S31500004980380000F0010080F00100704790F89004B4
S3150000499000F0010080F00100704790F8320000F04E
S315000049A0010080F00100704790F8800400F00100DB
S315000049B080F0010070470020704700BF052867D8C7
S315000049C070B5554D0446E86990F8263003F00703A4
S315000049D09C4282B020D0052B11D090F82A30DB07FC
S315000049E00DD5012C1CD190F84030DB0978D1214639
S315000049F0FFF7B0FF002866D1002002B070BD2B681B
S31500004A0093F828305E0669D5038D13F0100F0CBF9E
S31500004A10032300239C42E4D140F2911002B070BD02
S31500004A202146FFF797FF0028E6D0032CEE693CD01D
S31500004A30052C07D196F83C309B0654D440F29310CF
S31500004A4002B070BD34BB96F83C30D907F6D5204687
S31500004A5001F04AF996F8363043F0010386F836300D
S31500004A60002001F011F94FF6FF73019304E0019B5A
S31500004A7043B1019B013B0193E8692146FFF76AFFB9
S31500004A800028F4D1019B002BB6D14FF4CD70B4E7CA
S31500004A9003207047002001F027F9631E042BDFD89E
S31500004AA0DFE803F015320A2B240096F83C301A078B
S31500004AB0C4D5002001F018F996F8323043F001030E
S31500004AC086F83230CCE70020EE6901F00DF996F851
S31500004AD0383043F0010386F83830C1E7032399E7FD
S31500004AE040F2951089E7002001F0FEF896F82A308A
S31500004AF043F0010386F82A30B2E796F8803443F093
S31500004B00010386F88034ABE796F8903443F001034E
S31500004B1086F89034A4E700BF7C03FE1F05281DD845
S31500004B2008B5431E012B014608D9042806D068B1F2
S31500004B30032815D005281FD0002008BD194BD869B9
S31500004B40FFF708FF38B140F2911008BD154AD06949
S31500004B50FFF700FFF0B94FF4C87008BD0320704797
S31500004B60104AD069FFF7F6FE0028F4D0D36993F80F
S31500004B703C301B070BD512E00A4AD069FFF7EAFE64
S31500004B800028E8D0D36993F83C30990607D440F260
S31500004B90931008BDD36993F83C30DA07F7D54FF484
S31500004BA0C97008BD7C03FE1F30B583B04FF6FF7396
S31500004BB00446012001930D4601F096F800230DF1FD
S31500004BC003008DF8033000F0CBFC94F8AA30D80629
S31500004BD005D494F8A030D906C3F300120AD5019B78
S31500004BE0013B0193019B002BEFD1012001F04CF812
S31500004BF003B030BD94F8AA304FF6FF7162F300039C
S31500004C0084F8AA30019102E0019B013B019394F8DC
S31500004C10AA30DA0603D494F8A030DB0602D5019B4D
S31500004C20002BF1D194F8A030042D0CBF43F0030300
S31500004C3065F3010384F8A0304FF6FF73019302E099
S31500004C40019B013B019394F8AA30D80603D494F84B
S31500004C50A030D90602D5019B002BF1D194F8AA30D9
S31500004C60042D0CBF43F001036FF3000384F8AA3050
S31500004C704FF6FF73019302E0019B013B019394F809
S31500004C80AA30DA0603D494F8A030DB0602D5019BDD
S31500004C90002BF1D19DF8030000F076FC012000F016
S31500004CA0F3FF03B030BD00BF0428124B0ED002281C
S31500004CB00CD01A6892688A4207D3D86990F82A30CD
S31500004CC0DB0702D50321FFF76FBF7047D86990F85D
S31500004CD02A20D207EDD590F83220D207E9D590F8F0
S31500004CE03620D207E5D590F83820D207E1D5042141
S31500004CF0FFF75ABF7C03FE1F2DE9F041052888B057
S31500004D002BD80C46002900F0AE800B788A799342A6
S31500004D1023D34978994220D3E17899421DD8637903
S31500004D2093421AD32179914217D30428074619D002
S31500004D30674EF06990F8263003F007039F4228D0AB
S31500004D40002F00F0BC80032F40F0AE8090F83C307E
S31500004D501A071ED440F2931500E00325284608B032
S31500004D60BDE8F081134340F0A880594EF06990F8F1
S31500004D704030DB0940F0A18090F8263003F00703AD
S31500004D80042B06D03946FFF7E5FD002800F09D808C
S31500004D90F069036A036A036A036A036A036A036AB9
S31500004DA00021C3F30268FFF7FFFE00238DF81030E1
S31500004DB08DF81C3006EB8703A2795B68D340059318
S31500004DC0F3691A6A93F8263003F0070306EB8303A8
S31500004DD0C2F302625B6804A8D340069300F056FC57
S31500004DE005460028BAD1A379984541D20393637941
S31500004DF0029323790193E3780093A378627821786C
S31500004E00F069FFF7FFFBF469284600F06DFF94F8A0
S31500004E10263067F30203284684F8263000F034FF74
S31500004E20F3691A6A93F8263003F0070306EB830644
S31500004E30C2F3026273680121D34004A88DF81010F2
S31500004E40069300F023FC0546002887D100F00EFCEF
S31500004E50204B01461860002837D03846FFF724FF5C
S31500004E60FFF75AFB7AE70125284608B0BDE8F0812E
S31500004E70D6F81C8000F038FF98F8263067F3020356
S31500004E80284688F8263000F0FFFEA379039363795D
S31500004E90029323790193E3780093A37862782178CB
S31500004EA0F069FFF7AFFBBBE7052F7FF46BAF90F818
S31500004EB03C309B063FF56DAF4CE705254EE790F875
S31500004EC03C30D9073FF565AF44E74FF4C87545E771
S31500004ED07C03FE1F3004FE1F2DE9F0432DED028BEF
S31500004EE0042883B0044668D0012800F0498120BB1D
S31500004EF0B74DEE6996F83C30DB0700F1538196F822
S31500004F00AA30DF0700F1558196F8A030002000F0A6
S31500004F10EBFE96F836306FF3000386F83630002045
S31500004F2000F0B2FE4FF6FF73EA690193052C1BD819
S31500004F30DFE804F0343E392F2016032800F0CE8037
S31500004F4005285BD0A24D0020EE6900F0CDFEA31E21
S31500004F50032BE4D8DFE813F00D0106014400BB0083
S31500004F6092F82A30DB0709D5019B3BB1019B013B37
S31500004F700193DBE792F88034D907F5D4019B002B27
S31500004F8014BF00204FF4CD7003B0BDEC028BBDE81A
S31500004F90F08392F83230DD07E6D4EFE792F8363048
S31500004FA0DB07E1D4EAE792F89034DE07DCD4E5E7E4
S31500004FB092F83830DF07D7D4E0E7854D2B68EE69E5
S31500004FC093F82270002000F08FFE96F88034D907FF
S31500004FD00DD4002000F058FE0020EE6900F084FE9B
S31500004FE096F880346FF3000386F8803497E796F8D6
S31500004FF0813423EA070386F88134EAE70E4600295E
S3150000500000F0EE80724D72782B6893F8241091426E
S31500005010C0F0DB8093F8262096ED017A07EE902A01
S31500005020F8EE677AF4EEC77AF1EE10FA00F1CD8069
S3150000503093F8253007EE903AF8EE677AB4EEE77A01
S31500005040F1EE10FA00F1C1803178032902D000296F
S3150000505040F0BB80E869FFF77DFC002800F0C280C5
S31500005060EF6997F83C30990600F19C8097F8AA30D2
S31500005070DA0700F1BA8097F8A03096F80080002091
S3150000508000F032FE3B8DB8F1030F0CBF6FF3041333
S3150000509043F010033B85002000F0F6FD2B68EF6916
S315000050A093F8283096F8018003F03003102B00F0B7
S315000050B0D080202B00F09F803846FFF7C9F8E869BA
S315000050C00021FFF771FD0020EE6900F00DFE96F855
S315000050D02A306FF3000386F82A3020E73C4DEF694B
S315000050E097F83C301E075DD497F8AA30D80771D4DC
S315000050F097F8A0302B68002093F8276093F820805B
S3150000510093F8219000F0F0FD97F8133406FA09F2AF
S315000051105BB25A4002EA08025340DBB287F8133406
S31500005120002000F0B1FDEE69002000F0DDFD96F8EC
S3150000513013346FF3861386F81334002000F0A4FDB1
S31500005140EE69002000F0D0FD96F8A230052262F349
S31500005150030386F8A230002000F096FD0020EE69D9
S3150000516000F0C2FD96F832306FF3000386F8323055
S31500005170D5E696F890346FF3000386F89034CEE6C1
S31500005180134DEE6996F8AA30DA0718D496F8A030CF
S31500005190002000F0A9FD96F838306FF3000386F87A
S315000051A03830BCE640F2931003B0BDEC028BBDE88C
S315000051B0F08330460321FFF7F7FCEE69A6E630469A
S315000051C00321FFF7F1FCEE69E2E70320DCE600BF0E
S315000051D07C03FE1F38462146FFF7E6FCEF6989E7A8
S315000051E00120D1E64FF4CA70CEE638460321FFF718
S315000051F0DBFCEF6941E72F4B002033F8188000F005
S3150000520073FD97F82B3068F3871387F82B3000204F
S3150000521000F03AFD2B68EF6993F8283096ED018A85
S3150000522003F03003102B2ED0202B10D1002000F0DD
S315000052305BFDFCEEC87A97F82B2017EE903A013BFF
S3150000524063F3040287F82B20002000F01DFDEF69B0
S3150000525032E7194B002033F8189000F045FD3B8DDE
S3150000526069F301033B85002000F00EFD2B6893F8DF
S31500005270283003F03003202BBDD0102BEF697FF4CC
S315000052801BAF96ED018A002000F02EFD78EE087A1D
S315000052903A8DFCEEE77A002017EE903A013B63F375
S315000052A00D223A8500F0F0FC2B6893F8283003F0C5
S315000052B03003B9E7BCA70000CCA7000005280AD830
S315000052C008B5194A431ED269042B27D8DFE803F034
S315000052D00D21171C05000320704792F82A30DB07C2
S315000052E007D5BDE80840FFF7F7BD92F83830DB0771
S315000052F0F7D41046FEF7ACFF40F2911008BD92F8C5
S315000053003230DB07EDD4F4E792F88034DB07E8D4DB
S31500005310EFE792F89034DB07E3D4EAE792F8363009
S31500005320DB07DED4E5E700BF7C03FE1F2DE9F04373
S3150000533083B0012801910C461CD0022803D000201E
S3150000534003B0BDE8F0830529164619D0DFF8A08022
S31500005350D8F81C002146FFF7FDFA00283DD1311D83
S315000053602046FFF7B9FD0028E9D040F29113984294
S31500005370E5D0E5E7084603B0BDE8F043FFF71EBBFE
S315000053801279052A27D8DFF868801146D8F81C005C
S31500005390FFF7E0FA30BB31461046FFF79DFDA8B98E
S315000053A096F804904FF6FE7540F2931701E0013D22
S315000053B0C6D04846FFF7B2FBB842F8D00028C7D09F
S315000053C06FF4C873C318012BC2D9B9E740F2911321
S315000053D09842E5D0B4E70320B2E7D8F81C00FEF700
S315000053E037FFACE7D8F81C00FEF732FFD8E700BF5E
S315000053F07C03FE1F2DE9F04782B0002854D0DFF869
S315000054005C810678D8F81C3090F815A093F82670C1
S315000054101A6A1A6A1A6A1A6A1A6A1A6A1B6AC37CAA
S315000054208DF80230037D8DF80130C37D8DF8033091
S315000054308146837D007E8DF800A0052E07F00707C4
S315000054408DF804308DF8050029D806F108036B4461
S3150000545013F8083C012B22D0022809D199F8043010
S31500005460052B1CD808336B4413F8083C012B16D0C7
S315000054704A460521FFF75AFF0446002849D140F263
S315000054809115E1B24A4650460134FFF74FFF08B185
S31500005490A84249D1052C0CD01DF804A0F1E703243D
S315000054A0204602B0BDE8F0870124204602B0BDE8E0
S315000054B0F0874FF6FE7540F2931A01E0013DEFD0FA
S315000054C03046FFF72BFB50450446F7D020B16FF46A
S315000054D0C8754319012BE3D8042E27D0002509F1FE
S315000054E00C013046FFF708FC04460028D8D1BE421E
S315000054F006D007F108036B4413F8083C012B0ED0C5
S31500005500002DCDD000F0B2F801463046FFF7CCFBB7
S31500005510C6E740F291139842C2D10024AFE738465D
S31500005520FFF74CFA0028EBD00446B9E7D8F81C3050
S3150000553093F82A20D0070ED593F83220D1070AD542
S3150000554093F83620D20706D593F8385005F00105B2
S3150000555085F00105C3E70125C1E700BF7C03FE1FF7
S31500005560034668B1074AB2F80011C1F30001197089
S3150000557092F800316FF30003002082F80031704783
S315000055800120704700C00140104991F8043143F0F2
S31500005590010381F80431B1F804318446D8070AD5ED
S315000055A04FF0FF3300E07BB1B1F80421D20703F1DD
S315000055B0FF33F8D443B1054A92F800316CF3000387
S315000055C0002082F8003170471420704700C0014067
S315000055D070B5244D82B02B6898470120FFF7D4FFA1
S315000055E0AE6800210320B0471F4AEC69019240F2E1
S315000055F00313ADF800300320A047B0F5C97FFAD1F8
S3150000560069460520B04728B140F29113984201D06F
S3150000561000BEEC690520A047B0F5C97FFAD1012389
S31500005620022200218DF806102C698DF800308DF8C5
S3150000563001208DF802208DF803308DF805208DF8B5
S31500005640043069460520A04700B100BE2B6E042039
S315000056509847AB6A01209847EB6A9847AB6D984725
S3150000566002B070BD50A700000000A04100B5064B77
S3150000567083B000229B69019201A9062098470198F0
S3150000568003B05DF804FB00BF50A7000010B4037818
S315000056902BB1012B3BD000205DF8044B70474268CC
S315000056A03F498A424CD93F4B3F4C4FF0F10C83F8AF
S315000056B004C0197A41F004011972197A41F00801FF
S315000056C01972197A41F001011972197A41F0020131
S315000056D01972A2424FF0F00119715BD983F804C028
S315000056E01A7A42F010021A721971022303732F49B3
S315000056F091F81C2102F007029A423EBF91F81C2144
S3150000570063F3020281F81C210378012BC3D183685D
S31500005710234A93421FD9244A934231D9234A017B13
S3150000572092F81C3103F007039942B4D092F81C3169
S3150000573061F3020382F81C3100205DF8044B7047C8
S315000057401B498A4229D8194A037392F81C315DF81D
S31500005750044B00207047134BF1221A711A7A6FF32B
S3150000576082021A721A7A6FF3C3021A721A7A6FF3E6
S3150000577000021A721A7AF0216FF341021A72197135
S31500005780084BF1221A711A7AF0216FF304121A7279
S315000057901971C3E7074B9A42A7D801230373A6E7FB
S315000057A0000E27070020004000C2EB0B00C001409E
S315000057B000B4C40400688909037823F0030343F0A6
S315000057C003030370704700BF014B0360704700BFBF
S315000057D0DCA700008C224623C0E90023704700BFE7
S315000057E002483022002103F0C3BB00BFE403FE1FC2
S315000057F0024B43F820100020704700BFE403FE1F51
S3150000580008B56F4BB3F84031D80700F1CB806C4B2D
S31500005810B3F84031990700F1B880694BB3F84031CD
S315000058205A0700F1A580664BB3F840311B0700F11B
S315000058309280634BB3F84031D8067FD4604BB3F8FF
S3150000584040315906C3F380106CD45D4BB3F8403138
S315000058501A065AD45A4BB3F84031DB0548D4584B94
S31500005860B3F84031980536D4554BB3F84031590555
S3150000587024D4534BB3F840311A0512D4504BB3F825
S315000058804031DB0400D408BD4E4BDB6A0BB10B2064
S3150000589098474B4AB2F8303143F48053A2F830317E
S315000058A008BD484B9B6A0BB10A209847444AB2F898
S315000058B0303143F40063A2F83031DFE7414B5B6AD5
S315000058C00BB1092098473E4AB2F8303143F4806361
S315000058D0A2F83031CDE73B4B1B6A0BB10820984745
S315000058E0374AB2F8303143F40073A2F83031BBE7DF
S315000058F0344BDB690BB107209847314AB2F8303197
S3150000590043F48073A2F83031A9E72E4B1B680BB124
S31500005910002098472A4AB2F8303143F08003A2F8B3
S31500005920303197E7274B5B6803B19847244AB2F8B2
S31500005930303143F04003A2F8303186E7214B9B69B2
S315000059400BB1062098471E4AB2F8303143F01003D7
S31500005950A2F8303172E71B4B5B690BB10520984703
S31500005960174AB2F8303143F00803A2F8303160E745
S31500005970144B1B690BB104209847114AB2F8303119
S3150000598043F00403A2F830314DE70E4B9B680BB190
S31500005990022098470A4AB2F8303143F00203A2F8CF
S315000059A030313AE7074BDB680BB103209847044ACE
S315000059B0B2F8303143F00103A2F8303127E700BFD7
S315000059C000600040E403FE1F0378452B20D8114AEF
S315000059D0D35CFF2B05D090F801C0428813F020005D
S315000059E001D00320704710B503F01F010A4C9B0934
S315000059F054F82340EFF3108E012383F3108862449A
S31500005A008A1A93402268134323608EF3108810BDD0
S31500005A100120704708A8000050A800000278452A17
S31500005A2030D81E4B9B5CFF2B35D010B590F801E0AB
S31500005A30B0F802C0980603F01F0115D4F444A1EB98
S31500005A400C01012088409B09154A52F82320EFF3E8
S31500005A501081012383F31088136823EA000313607F
S31500005A6081F31088002010BD01242B2A04FA01F0CE
S31500005A700AD0332AE7D1BEF1010F04BF01310EFA75
S31500005A8001F0E0E701207047BCF1070FDBD90131D7
S31500005A9004FA01F0D7E70320704700BF08A800000A
S31500005AA050A80000A0F101000028FBD1704700BFFC
S31500005AB010B501FB00F4FFF7D9FD4FF47A72A4FB91
S31500005AC002CE4FF0FF331149B1FBF0F063454FF0C2
S31500005AD0000171EB0E0E07D3BCFBF0F0800878B125
S31500005AE0BDE81040FFF7DEBF8000B4FBF0F4A4FB76
S31500005AF00242A34271EB020203D320460028EFD1F3
S31500005B0010BDBDE810401846FFF7CCBF00CA9A3B4F
S31500005B10002808DB800000F1804000F5C6400368DD
S31500005B206FF31043036070470B4A0C4B10B49B1A7B
S31500005B300B4CDB08236063B10A4800219388C3F34A
S31500005B40090340F8043B236801318B4202F1080245
S31500005B50F4D85DF8044B70470005000050050000BE
S31500005B601404FE1F006300400246012102E0C2E861
S31500005B70401F40B1D2E84F3FDBB2002BF7D0BFF356
S31500005B802F8F08207047704700230370704700BFAF
S31500005B9010B4134B1C68FCB1124B00681A68002342
S31500005BA0043A02E00133A34216D052F8041F884299
S31500005BB0F8D10D4A12680121134402E0C3E8401FE0
S31500005BC058B1D3E84F2FD2B2002AF7D0BFF32F8FA8
S31500005BD008205DF8044B704703205DF8044B7047BE
S31500005BE01804FE1F1C04FE1F2004FE1F10B40B4BDE
S31500005BF01C6884B10A4B00681A680023043A02E064
S31500005C000133A34207D052F8041F8842F8D1054A4F
S31500005C1012680021D1545DF8044B70471804FE1F2A
S31500005C201C04FE1F2004FE1FF0B5114D114C124935
S31500005C30124A134B134E0E60641BA40815601C60B9
S31500005C4084B105EB840EAC4600275CF8040B2A46AB
S31500005C50002352F8041B884205D001339C42F8D138
S31500005C60F445F2D1F0BDF445F754EED1FAE700BFA2
S31500005C7050050000000700002004FE1F1C04FE1F44
S31500005C801804FE1FFC02FE1FEFF31081012383F3AD
S31500005C901088124B33F8102092B22AB133F8102034
S31500005CA0013A92B223F8102033F810309BB293B920
S31500005CB010B40B4A0B4CB2F8FE3334F810009BB20A
S31500005CC043F4254323EA0003A2F8FE3381F3108848
S31500005CD05DF8044B704781F3108870472404FE1F5B
S31500005CE000E0014064A8000030B4EFF31081012306
S31500005CF083F310880E4A32F810309BB26BB90D4C04
S31500005D000D4DB4F8FE3335F810C09BB243EA0C03D0
S31500005D1043F425439BB2A4F8FE3332F81030013326
S31500005D209BB222F8103081F3108830BC704700BF58
S31500005D302404FE1F00E0014064A80000024B00227C
S31500005D401A805A809A8070472404FE1F08B50B4AB1
S31500005D500346106840B10333094923F003030344A3
S31500005D608B4204D8136008BD06481060F3E703F0C1
S31500005D70EBF80C2303604FF0FF3008BD2C04FE1F28
S31500005D80109DFE1F108DFE1F00BE704708B500F067
S31500005D9005F800F067FAFEE7704700BFF8B5414A1C
S31500005DA0D2F8883043F47003C2F8883000200446E5
S31500005DB0FFF7F2FFFFF714FD3B4B1B689847FFF711
S31500005DC0BDFFFFF705FC394A394B148039481B687B
S31500005DD09847394A3948121A02D0214603F0C8F8C2
S31500005DE0374A3848121A02D0374903F0B3F8374B0E
S31500005DF037493848384A00244FF425459C801D8091
S31500005E009860DA60B1F8202192B2012542F48052FE
S31500005E10A1F820219D80FFF729FC304B0246284639
S31500005E201A602F4DFFF7B8FF2E4B5B1BA3424FEABC
S31500005E30A30605DD55F8043B01349847A642F9DC74
S31500005E40FFF7F2FEFFF770FE274B284C1B68284829
S31500005E50284D9847D4E90001D4E90023584003F0BF
S31500005E608FF8D4E900232449561845EB0307C4E903
S31500005E700067D4E9006786F01E4287F07D4382F40E
S31500005E80120283F42D0382F4384283F4A44383F090
S31500005E902B0382F03702C4E900230020BDE8F84056
S31500005EA000F02CB800ED00E080AE0000D003FE1F2D
S31500005EB0ACA600000CAA0000100DFE1FB003FE1FCA
S31500005EC06803FE1FC001FE1F24B40000000D004041
S31500005ED000600040109DFE1F0FA5FE1F3004FE1F30
S31500005EE0F402FE1FF802FE1F08A70000A003FE1F13
S31500005EF06CA80000E34FE6F41654E7A100F02CB8B6
S31500005F0082B04FF0C8429369D907FCD400210091B2
S31500005F10009B536961F300035361936A4FF0200CB1
S31500005F206CF30F239362936A4FF0C04043F08003F3
S31500005F3093620368009340F6FF714FF0C8420191E7
S31500005F4004E0019B013B0193019B13B1936A5B063D
S31500005F50F7D502B0704700BFF8B5684A11684FF030
S31500005F60C84400236FF38611102011602063A361DB
S31500005F7023626363C4F80438A26863F30402A26070
S31500005F806369FF2043F00103636120616369662151
S31500005F9043F0010363612161636901210B43992287
S31500005FA06361226163690B4323206361FFF780FD10
S31500005FB09F2323612269524BD2B21A702169C9B25A
S31500005FC059702069C0B298706569EF2A45F00105DD
S31500005FD0656101D1402903D000221A809A70F8BD6C
S31500005FE01728F9D10521216125696269352742F013
S31500005FF0010262612761434A20691070606940F0BE
S3150000600001006061A66A042060F30306A662666862
S3150000601060F30306666050262661666946F001064F
S31500006020666192F800C00126EDB24CF0020C82F8CF
S3150000603000C026612561157825616569354365616E
S315000060402061606930436061206861F3020020606E
S3150000605021612069606930436061276120691070A1
S315000060606269324362619B78182B3AD90623236111
S315000060706369B722334363612261636933436361B2
S3150000608021612269636943F001036361D307F7D491
S31500006090636A43F003036362636A062243F01003F4
S315000060A0636222616269E92142F001026261216153
S315000060B0626942F001024FF0C8430520626118612F
S315000060C01A69596912F0010241F001015961F6D1CC
S315000060D0596A022060F301015962596A62F3041198
S315000060E059624FF0C844236843F040032360FFF72A
S315000060F007FF63696FF300036361F8BD0070044036
S315000061003404FE1F3804FE1F08B500F079F8BDE818
S31500006110084000F087B900BF30B5184D18482B6805
S3150000612089B0382114225C1CCDE90021154B164993
S315000061302C60012200F062FEA0B9144C144A1548E6
S315000061400123B4214FF48065CDE90531CDE9033350
S315000061500293CDE900451049002300F051FF30B904
S3150000616009B030BD0648002100F01EF8E5E70948F1
S31500006170002109B0BDE8304000F016B85406FE1FF5
S31500006180F004FE1F2805FE1F78A8000010A5FE1FBC
S31500006190096100003C04FE1F84A80000704700BF90
S315000061A0FFF7FCBF704700BF00BE7047104A114999
S315000061B070B50025104E157004461C230F48356037
S315000061C0012200F095FE38B9FFF7A6FF00F080F82F
S315000061D02046FFF7E7FF70BD08482946FFF7E4FFB2
S315000061E0FFF79AFF00F074F82046FFF7DBFF70BD5B
S315000061F03406FE1F34A900005406FE1F3806FE1F93
S3150000620038B515484FF0FF3100F0D8FEF0B9134B02
S315000062101A7802B138BD124C01221A70FFF7C0FF7E
S315000062202368013B2360002BF4D00B4D04E0236868
S31500006230013B2360002BEDD0284600F0D5FE002858
S31500006240F5D000212846FFF7AFFFF0E7024800210E
S31500006250FFF7AAFFDBE700BF3806FE1F3406FE1F66
S315000062605406FE1F08B572B601F0B2F9002008BD4B
S3150000627000BE704710B50D4C0D4923680D4882B01D
S315000062809847019030B9A3680A489847019030B9F9
S3150000629002B010BD084801A9FFF7EAFFF3E7064878
S315000062A001A9FFF7E5FF02B010BD00BF20A6000060
S315000062B0D0A900009806FE1FC4A9000008B5FFF784
S315000062C09FFFFFF7D7FFBDE8084000F057BA00BFB1
S315000062D030B5104C104D226889B00123D018B42176
S315000062E04FF48062CDE90433CDE902330691019281
S315000062F020600A4A0A490B480095002300F080FEF8
S3150000630008B909B030BD0748002109B0BDE83040E2
S31500006310FFF74ABF5406FE1F10A9FE1FBD6200000C
S3150000632048A900001C0AFE1F38B51A4B5C680546D2
S31500006330236A00F001014FF441709847236AC5F3C0
S31500006340400140F205309847236AC5F3800140F2C8
S3150000635006309847236AE90840F207309847236ACF
S31500006360002140F203309847012001F02FFE236AF6
S31500006370012140F203309847012001F027FE236AED
S31500006380002140F203309847BDE83840012001F073
S315000063901DBE00BFECA8000010B5084B5B680446A4
S315000063A01B6A40F2023098472009FFF7BDFF04F050
S315000063B00F00BDE81040FFF7B7BF00BFECA8000014
S315000063C070B590F900409CB10A4A56680546336A92
S315000063D0E4B2012140F2023098472009FFF7A4FFFA
S315000063E004F00F00FFF7A0FF15F9014F002CEED1C6
S315000063F070BD00BFECA8000008B5094B5B68002122
S315000064001B6A40F2023098470020FFF78DFF0120FB
S31500006410FFF78AFFBDE80840022001F0D7BD00BFA4
S31500006420ECA800002DE9F04FC84BDFF844835C6808
S31500006430DFF82893A368DFF83CB3DFF83CA383B00A
S3150000644004214FF440709847A368042140F20130BC
S315000064509847A368042140F202309847A3680421B4
S3150000646040F203309847A36804214FF441709847DF
S31500006470A368042140F205309847A368042140F23E
S3150000648006309847A368042140F2073098470A204F
S3150000649001F09CFD236A002140F202309847236AEE
S315000064A0002140F2033098470320FFF73DFF01200B
S315000064B001F08CFD0320FFF737FF012001F086FD78
S315000064C00320FFF731FF012001F080FD0220FFF7D6
S315000064D02BFF00212820FFF75FFF00210C20FFF78C
S315000064E05BFF00210620FFF757FFFFF785FF236AB2
S315000064F001214FF440709847236A012140F2013090
S3150000650098479348FFF75CFF642001F05FFDFFF7B3
S3150000651073FF9048FFF754FF00252F46E3690DF1FE
S31500006520020105209847E3690DF10301062098470B
S315000065309DF80260002E00F085809DF80360002E15
S3150000654072D10135B5F5967F6ADD236A314640F290
S31500006550023098473046FFF7E7FE0120FFF7E4FEDA
S31500006560022001F033FD7C48FFF72AFF9DF8033037
S3150000657043B9E3690DF10301062098479DF80330FE
S31500006580002BF6D04FF47A7504E001F01FFD013DB3
S3150000659000F0C780E3690DF10201052098479DF8D8
S315000065A002600120002EF0D1D8F80050CDF804A0EA
S315000065B0042D00F3A180002D40F38380674B09EB87
S315000065C0850001E083427CD01968019A914203F16B
S315000065D00403F7D1236A002140F2023098470020D5
S315000065E0FFF7A2FE0120FFF79FFE022001F0EEFC5E
S315000065F05B48FFF7E5FEC82001F0E8FC236A0021AE
S3150000660040F2023098470020FFF78EFE0120FFF788
S315000066108BFE022001F0DAFC4E48FFF7D1FE002582
S31500006620012001F0D3FC79E7013D302D08D887F031
S315000066300107236A394640F2013098470025EFE703
S315000066400025EDE7236A314640F20230984730468E
S31500006650FFF76AFE0120FFF767FE022001F0B6FC95
S315000066605846FFF7ADFE236A31464FF4407098470F
S315000066704FF4967001F0AAFC236A01214FF4407092
S315000066809847236A314640F2023098473046FFF772
S315000066904BFE0120FFF748FE022001F097FC2D4833
S315000066A0FFF78EFE9DF80230002B7FF446AFE369BC
S315000066B00DF10201052098479DF80230002BF6D017
S315000066C03BE7019B49F825300135236AC8F800509D
S315000066D0002140F2023098470020FFF725FE0120F6
S315000066E0FFF722FE022001F071FC1E48FFF768FE4C
S315000066F0C82001F06BFC81E7236A314640F2023084
S3150000670098473046FFF710FE0120FFF70DFE0220E6
S3150000671001F05CFC1448FFF753FEC82001F056FC5C
S315000067206CE7236A294640F2023098472846FFF76D
S31500006730FBFD0120FFF7F8FD022001F047FC0B48A6
S31500006740FFF73EFE642001F041FC57E7ECA800008D
S315000067507CAD00008CAD0000ACAD00006C02FE1FED
S31500006760D0AD0000E0AD0000C0AD0000ECAD000013
S315000067708002FE1F9CAD0000AABBCCDD08B501203F
S3150000678001F024FCFBE700BF034678B10849094A3B
S315000067900968914208D1084AD2F89C21516802EB57
S315000067A0810200201A60704712207047012070474E
S315000067B0A803FE1F494D460000B07F4020B14FF0B0
S315000067C0022303600020704701207047B0B10C4AD5
S315000067D00C4B12689A420FD10B4BD3F89C315A6876
S315000067E000F1100103EB820353F8042F40F8042B49
S315000067F08842F9D100207047122070470120704767
S31500006800A803FE1F494D460000B07F4098B392B3DF
S31500006810F0B51D4C1D4B24689C4201D01220F0BDE2
S315000068201B4B1C684CB31B4B05781B684FF0000CC8
S3150000683005E00CF1010CA44503F108031DD093F803
S3150000684006E0AE45F5D15E79B0F802E0BEEB960FF4
S31500006850EFD1DE7990F801E006F007077745E8D139
S31500006860B1EBD60FE5D182F800C09B88C3F30903CC
S3150000687000205380F0BD01207047DF21FF231170F7
S3150000688053800B20F0BD00BFA803FE1F494D4600F4
S315000068901404FE1F60A800001E4B1A689AB103F587
S315000068A07F71002001E053F8042F8B421044FAD187
S315000068B048B9194BD3F89C311A0CB2F5807F05D034
S315000068C000BE00BEFCE700BE00BEFCE71A68013A47
S315000068D0033208D8114A93F8241092F800C08C4568
S315000068E004D000BEFDE700BE00BEFCE7517893F879
S315000068F025C06145F5D1917893F826C06145F0D160
S31500006900D27893F827309A42EBD1054B054A1A60A4
S31500006910704700BF98AE000000B07F40BCAE0000DC
S31500006920A803FE1F494D4600002861D000295FD00C
S31500006930864A874B12689A4201D0122070472DE989
S31500006940F041844D0278AC6805EB8404A3789A4242
S3150000695080F0C980170904EB870E02F00F0CBEF811
S31500006960086026FA0CF818F0010F00F0BC8012F04F
S31500006970080F9EF80AE008D004EB870702F0070C20
S31500006980FA7A02F00F02360A9644734A12F80CC0DD
S31500006990724A0CEA06061B09925D023372449B009A
S315000069A003EB4203E218E35A92F90160C3F30903C9
S315000069B0002E05EB83021DDB4678002E40F08F800B
S315000069C06668D4784088C4F303144C72D478C4F350
S315000069D003048C7201248C80002833D135F82340BF
S315000069E09378CB8006EB04260E600872C86078E0C8
S315000069F00120704715F8233044785B082CBB032B25
S31500006A0079D059D873D0D4784088C4F303144C7223
S31500006A10D478C4F303048C7214798C80A04211D20A
S31500006A20D6889568012B00FB06550D6000F0858021
S31500006A30022B73D0B2F80150CD8000230B72CB60CD
S31500006A40002D56D140F27A504BE002254FF0010C52
S31500006A504FF0040E1678F60704F1FF343FD5052BE8
S31500006A6072D8DFE803F003231914120A0C231A4420
S31500006A7013785B08002CEDD1C1E79378DE1C15FB7B
S31500006A8003C303EB96039B00F1E70823EFE7937834
S31500006A901EFB03C39B00EAE71679937813FB06F304
S31500006AA00333033603EB96039B00E0E713790333C6
S31500006AB003F4FE730C33DAE7042B18D1D07854783C
S31500006AC052680A60C0F303038B720023C0F30312FB
S31500006AD08B800B72CB60A3074A72CC8009D440F23C
S31500006AE07950BDE8F0814FF4AF60BDE8F0816420D5
S31500006AF0F7E70020F5E7D07854780346C3F303039D
S31500006B00C0F30310042548728B72002093788B80A3
S31500006B102A440D72CC800860CA60E2E71318033479
S31500006B201D7B93780B7200FB03F3033303EB940492
S31500006B3002EB8402CD80CA6082E702440023157B03
S31500006B40CD800B72CB607BE7002390E7A803FE1F86
S31500006B50494D460098AE000078AE0000F8AD000042
S31500006B6008B1242A01D00620704770B50E460546A6
S31500006B70EFF3108272B61C490B6801330B6082F387
S31500006B8010881A4A1A4B12681C684AB1A04207D0EC
S31500006B90002301E0A54203D001339342A469F9D151
S31500006BA0EFF3108272B60B68013B0B6082F310881C
S31500006BB001F076FAA54212D0EFF305830D4A11686B
S31500006BC00B4306D0EFF3058113680B43B3F1F03F97
S31500006BD007D331462846BDE8704000F0EFBA0620DC
S31500006BE070BD132070BD00BF200BFE1FE00AFE1F04
S31500006BF0E40AFE1F8402FE1F18B1084A0368934286
S31500006C0001D006207047EFF30583054A1268134347
S31500006C1001D01320704700F0F9BA00BF4E44564425
S31500006C208402FE1F70B4039C18B10D4D0668AE4277
S31500006C3002D0062070BC704763B12CB1EFF3058516
S31500006C40084E3668354307D1032A07D8039470BC2B
S31500006C5000F028BB0320EDE70420EBE70820E9E776
S31500006C604E4456448402FE1F78B110B40A4B0468A1
S31500006C709C4203D006205DF8044B704732F00203B5
S31500006C8005D15DF8044B00F07FBB06207047082055
S31500006C905DF8044B704700BF4E44564408B1342B90
S31500006CA001D01C2070472DE9F0410F46164680465C
S31500006CB0EFF3108172B61F4A13680133136081F334
S31500006CC010881D4B1C681D4B1D684DB1A04207D096
S31500006CD0002301E0A04503D00133AB42246AF9D179
S31500006CE0EFF3108172B61368013B136081F31088CD
S31500006CF001F0D6F9A04503D0012E04D91F2000E0EB
S31500006D001C20BDE8F081EFF305820D4B19680A439C
S31500006D1006D0EFF305821B681343B3F1F03F06D3A9
S31500006D20324639464046BDE8F04100F079BC1320B2
S31500006D30E7E700BF200BFE1FF00AFE1FEC0AFE1F4E
S31500006D408402FE1F18B1084A0368934201D01C2032
S31500006D507047EFF30583054A1268134301D01320E9
S31500006D60704700F08DBC00BF4554554D8402FE1F90
S31500006D7018B1124B02689A4201D01C20704710B419
S31500006D8081B90F4BEFF305821C68224306D0EFF35F
S31500006D9005821B681343B3F1F03F0DD35DF8044B36
S31500006DA000F0C8BCEFF30582054B1C682243E9D00E
S31500006DB004205DF8044B70471320FAE74554554DFF
S31500006DC08402FE1F18B10B4B02689A4201D01C20A8
S31500006DD07047EFF30583084A11680B4306D0EFF3BB
S31500006DE0058113680B43B3F1F03F01D300F07CBD7E
S31500006DF0132070474554554D8402FE1F2DE9F04778
S31500006E00DDF820901E46099B08B1382B02D00920D8
S31500006E10BDE8F087884617460546EFF3108172B63F
S31500006E20234B1A6801321A6081F31088214A1068D0
S31500006E30214A146858B1A54209D04FF0000C01E070
S31500006E40A54204D00CF1010C8445246BF8D1EFF374
S31500006E50108172B61A68013A1A6081F3108801F03F
S31500006E601FF9A542D3D00EB37B1E0F2B11D8B7EB5B
S31500006E70990F0ED8EFF30582104B19680A430BD011
S31500006E80EFF305821B681343B3F1F03F04D21320DE
S31500006E90BEE70520BDE8F087CDF8209033463A4698
S31500006EA041462846BDE8F04700F022BE0320AFE782
S31500006EB0200BFE1FF40AFE1FF80AFE1F8402FE1FA7
S31500006EC088B110B40368094CA34203D00C205DF8C6
S31500006ED0044B704719B922205DF8044B70475DF8E2
S31500006EE0044B00F03BBE0C20704700BF414D45539C
S31500006EF008B11C2B01D00C2070472DE9F0410F463C
S31500006F0016468046EFF3108172B61D4A13680133A8
S31500006F10136081F310881B4B1C681B4B1D684DB119
S31500006F20A04207D0002301E0A04503D00133AB42C5
S31500006F306469F9D1EFF3108172B61368013B1360EF
S31500006F4081F3108801F0ACF8A04513D0EFF3058269
S31500006F500E4B19680A4306D0EFF305821B681343EC
S31500006F60B3F1F03F09D3324639464046BDE8F04119
S31500006F7000F024BE0C20BDE8F0811320FBE700BF23
S31500006F80200BFE1F000BFE1FFC0AFE1F8402FE1FC5
S31500006F9018B1084A0368934201D00C207047EFF3FA
S31500006FA00583054A1268134301D01320704700F089
S31500006FB02FBE00BF414D45538402FE1F18B1084B3A
S31500006FC002689A4201D00C20704729B1EFF305837D
S31500006FD0044A1268134301D100F066BE04207047CC
S31500006FE0414D45538402FE1F18B1044A036893427B
S31500006FF001D00C20704700F099BE00BF414D4553AB
S315000070002DE9F04F85B09A46119B0193129B03938D
S31500007010139B0293DDE90F890E9D149B08B1B42BD7
S3150000702003D00E2005B0BDE8F08F8B461746064606
S31500007030EFF3108272B6DFF810C1DCF800300133CE
S31500007040CCF8003082F310883C4B1A683C4B08F1B0
S31500007050FF301C682844DAB1A64219D000230097F5
S31500007060D4F80CE0AE454FF0000106D82769AF42D0
S315000070704FF001018CBF00250021864503F1010375
S3150000708043D82769874240D9009FD4F88840002515
S31500007090EFF3108272B6DCF80030013BCCF800301A
S315000070A082F3108800F0FCFFA642BAD0002D38D03B
S315000070B0002F36D0B8F1C70F31D9B9F11F0F36D826
S315000070C0019B994535D3029B012B2ED8EFF3058200
S315000070D01C4B19680A4306D0EFF305821B6813435D
S315000070E0B3F1F03F27D3029B1393039B1293019BAB
S315000070F03A46CDE91093594653463046CDE90E58E7
S3150000710005B0BDE8F04F00F03BBE9342D4F888408E
S3150000711003D0A64201D00029A2D0009FB8E70520DF
S3150000712080E7032005B0BDE8F08F10207AE70F2036
S3150000713078E7182076E7132074E700BF080BFE1FD8
S315000071400C0BFE1F8402FE1F200BFE1FEFF30582B1
S31500007150074909680A4306D118B1064A03689342EB
S3150000716003D00E2070471320704700F0A3BE00BF67
S315000071708402FE1F4452485418B1044A03689342DD
S3150000718001D00E20704700F051BF00BF4452485452
S3150000719018B1084A0368934201D00E207047EFF3F6
S315000071A00583054A1268134301D01320704701F086
S315000071B08BB800BF445248548402FE1F38B50446BB
S315000071C00D462422002101F0D3FE6560EFF3108105
S315000071D072B60B4A0B48136820600B4843B9A4618A
S315000071E00460E4610133136081F31088002038BD28
S315000071F00068C569C461AC61C4E90605F2E700BF71
S31500007200E00AFE1F4E445644E40AFE1F2DE9F041F3
S31500007210EFF3108172B6204A13680024013B046024
S315000072201360002B2ED11D4A13601D4E046933686E
S3150000723045690027013333600761476181F3108890
S315000072409DB14FF00108013DEFF3108272B633682D
S31500007250A7660133C4F8848020463360246F82F326
S31500007260108800F03BFF002DEDD1EFF3108272B6CF
S315000072703368013B336082F3108800F011FF002071
S31500007280BDE8F081D0E90632044CDA6193612268E8
S31500007290824208BF2360C8E7E00AFE1FE40AFE1F19
S315000072A0200BFE1F70B50446EFF3108C72B6806893
S315000072B0256A20EA05051D60256A02F002060DB161
S315000072C020EA0500002E38D000EA010631EA000067
S315000072D035D00498002843D028480568002D3FD1B2
S315000072E000293DD0264D2E68C6E91F32D6F8B030AB
S315000072F0244AB1670133C6F8B0306369F466B266F2
S31500007300002B31D12661C6E91C6601336361072271
S315000073100368326301220133B263049AF2640360A4
S315000073208CF31088304600F04FFFEFF3108C72B6E6
S31500007330D6F884008CF3108870BD00EA0106002E92
S31500007340C7D012F001000CD063690BB1206990B16F
S31500007350A56825EA01050020A5608CF3108870BD9C
S3150000736007208CF3108870BD22693267516F7167F0
S315000073700E675667C9E70D432562F2E7200BFE1F2D
S31500007380100BFE1F758800002DE9F84FEFF3108CE7
S3150000739072B6970711D543693BB983681940816076
S315000073A08CF310880020BDE8F88F0369002BF4D118
S315000073B0036A63EA01010162F2E78568036A0D4325
S315000073C0856013B123EA01010162D0E90432002B82
S315000073D000F09280012A00F09580604E00218846D8
S315000073E001613168013131609B464446C2462AE05C
S315000073F00023C360836842691D43DE46DEF88010C1
S31500007400DEF87880DEF870308F0705EA080924D5A3
S3150000741038EA050721D0DEF83010072911D09E453D
S3150000742032D0DEF874105967DE450B675BD04169D0
S31500007430013941617CB30021CAF870E0CEF87010C2
S31500007440F246013A2DD08CF31088EFF3108C72B609
S31500007450C1680029CCD19E46D0E7DEF83070072FF0
S31500007460DDD1B9F1000FECD0DEF87C70C9073D60C4
S3150000747003D5816821EA0801816000219E45CEF886
S315000074806810CEF88410CCD1416901394FF0000B59
S315000074904161002CCFD1013ACEF87040F2467446D5
S315000074A0D1D1036AC0F810B003BB8CF310886CB15D
S315000074B02046246FEFF3108272B6336801333360CF
S315000074C082F3108800F00AFE002CF1D1EFF310824F
S315000074D072B63368013B336082F3108800F0E0FD3A
S315000074E00020BDE8F88FDEF870B0A0E7026282687F
S315000074F022EA03038360D8E7002A3FF451AF012351
S31500007500C3604DE7D3F880109A6F8E0705EA020430
S3150000751003D532EA05067FF443AF002C3FF440AFB3
S31500007520DC6FC907256003D5816821EA0202826003
S315000075300A4C216800220131C0E9042221609A66C2
S31500007540C3F884208CF31088184600F0C7FDEFF3CB
S31500007550108372B683F3108824E700BF200BFE1F4A
S3150000756038B500F0D7FC00F05BFF0D480D490E4A18
S315000075700E4C0F4D002303600B6013600D480E493F
S315000075800E4A236003600B6013600D4C0D480E49D4
S315000075900E4A2B60236003600B60136038BD00BF8A
S315000075A0FC0AFE1FF80AFE1FF40AFE1FE40AFE1F6D
S315000075B0000BFE1FE00AFE1FD40AFE1FD00AFE1FA4
S315000075C0DC0AFE1FD80AFE1FF00AFE1FEC0AFE1F89
S315000075D010B50E4C236813F10F3F0AD04FF0F0336D
S315000075E0236000F0A1FFFFF7BBFF094A13680133D0
S315000075F01360084A4FF0F03310682360FEF7D6FD9B
S3150000760000232360BDE8104000F0D2BF8402FE1FB5
S31500007610200BFE1FE80AFE1F704700BF704700BF21
S3150000762070B504460E4615460021342201F0A0FC32
S3150000763066602561EFF3108172B60C4B0C480D4A5B
S3150000764020600D48186013680C4843B92462046032
S3150000765064620133136081F31088002070BD0068F6
S31500007660456A44622C62C4E90805F2E71C0BFE1F5A
S315000076704554554DEC0AFE1F79890000F00AFE1F9D
S315000076802DE9F041EFF3108272B627490B6800240A
S31500007690013B04600B60002B3BD124490B60244E58
S315000076A084693368C56901333360C3680021816129
S315000076B0C16143B10123836082F3108800F014F99D
S315000076C0EFF3108272B682F31088ADB14FF0000866
S315000076D00127013DEFF3108272B63368C4F8688063
S315000076E00133C4F8847020463360246F82F3108817
S315000076F000F0F4FC002DECD1EFF3108272B6336883
S31500007700013B336082F3108800F0CAFC0020BDE81C
S31500007710F081D0E90831054C59620B62216881423B
S3150000772008BF2360BBE700BFEC0AFE1FF00AFE1F7E
S31500007730200BFE1FF8B5EFF3108C72B63A4A836839
S315000077401468E3B90122C0E90224A4B10269012A3E
S3150000775003D1E26A426120228262D4F8A420002A80
S3150000776043D0116B1063C862C0E90B21D4F8A02086
S315000077700132C4F8A0208CF310881846F8BDC26800
S31500007780A2422BD029B3294D2B6813BBD4F8B030B5
S31500007790274EE0660133C4F8B030C369A6664BBB1A
S315000077A08461C4E91C440133C3612B68E16401337D
S315000077B02B600D2323630123A3638CF310880369D5
S315000077C0012B1ED0204600F0FFFCD4F8843018466A
S315000077D0F8BD8CF310881D231846F8BD013383606D
S315000077E08CF3108800231846F8BDC4F8A400C0E93D
S315000077F00B00BBE786692667776F67673C67746728
S31500007800D1E7E16A836A8B42D2F89C3088BF8162F5
S315000078109942D36A38BFC2F89C109942D2D2104618
S3150000782000F008F8CEE700BF100BFE1F200BFE1F6E
S31500007830F98800002DE9F04104460D46EFF3108269
S3150000784072B6036B53B1D0F89810C562A94228BF2F
S315000078502946C16382F31088BDE8F0811F49C364DD
S315000078600B681F4ED0F82C80376802330B600E234E
S3150000787003630123836382F3108800F0A5FCEFF312
S31500007880108272B6D4F89830E562AB4228BF2B4618
S31500007890E36382F31088204600F020FCEFF31082A9
S315000078A072B633689C4207D0216B29B9D96AE36A5C
S315000078B08B4205D8BC4208D082F31088BDE8F0811F
S315000078C0E06B8342F8D98142F6D3A84538BF054913
S315000078D0346038BF41F82340EEE700BF200BFE1F9F
S315000078E0140BFE1F240BFE1F2DE9F8430446EFF38D
S315000078F0108372B685688DB17B49E26809688A4251
S31500007900184602D0794E316841B1013DA5605DB19E
S3150000791083F3108800252846BDE8F88383F3108892
S315000079201E252846BDE8F883002A43D0D2F8A010C9
S315000079300139C2F8A01000293FD1C2F8A450A169AC
S31500007940002960D02169D2F89480684E012900F0A0
S315000079509180E369012B49D92269012A38D0A769A8
S31500007960002F58D04FF00009D7F8A020002A77D171
S31500007970C7F8A440C4E90B440132C7F8A020013B74
S315000079800122E760E361A260002B63D1A361336843
S31500007990013333600023BB66C7F8843080F3108858
S315000079A02369012B00F08780384600F097FB2846B4
S315000079B0BDE8F88383F31088B3E7D4E90B160E63AA
S315000079C0F162D2F8A460A64208BFC2F8A410B6E7D6
S315000079D033680133336080F31088204600F0EEFFF1
S315000079E0EFF3108072B63368013B3360A76997B135
S315000079F02369012B2AD1FB6A63612023A362D4F891
S31500007A000C90E369B0E7216900299CD1E16083F31A
S31500007A1010880D4685E733680133336080F310889C
S31500007A20E0682023A362C36A434502D04146FFF7BC
S31500007A3001FFEFF3108272B63368013B3360002317
S31500007A40E36082F3108800F02BFB6AE7E3694FF0EE
S31500007A50000989E73B6F7A6FA3615A67136796E758
S31500007A60D7F8A410D1F830C00C63CCF82C40C4E988
S31500007A700B1C81E731680131316083F31088D2F83D
S31500007A80A41020270B464BB11869012803D1986A28
S31500007A90874228BF0746DB6A9942F4D1EFF310808C
S31500007AA072B63368C2F89C70B84503F1FF3328BF3D
S31500007AB0B84633604DE7E3694BB9D9F82C304345F6
S31500007AC03FF472AF41464846FFF7B4FE6CE72046E6
S31500007AD000F074FFEFF3108272B6A3690BB1DB6A94
S31500007AE0A36282F31088E8E7100BFE1F200BFE1F2F
S31500007AF0F8B516460F463822002104461D4601F009
S31500007B0037FAB200069BB3FBF2F303FB0252C4E959
S31500007B1008556760E261A660A5616361E360EFF303
S31500007B20108172B60A4A0B48136820600A4843B9A6
S31500007B302463046064630133136081F310880020BA
S31500007B40F8BD0068456B44632C63C4E90C05F2E795
S31500007B50F40AFE1F55455551F80AFE1F10B5EFF3FE
S31500007B60108C72B6046944B982688A421FD2013207
S31500007B7082608CF31088204610BD631EC26814D044
S31500007B80116F546FC1604C6721670B4903610B6825
S31500007B90002401339466C2F884400B608CF310888D
S31500007BA0104600F09BFA204610BDC360EDE78CF34B
S31500007BB010882124204610BD200BFE1F002330B460
S31500007BC0C0E901120360C360036143618361EFF39F
S31500007BD0108172B60B4A0C4C136804600B4C4BB9FF
S31500007BE04061206080610133136081F310880020BA
S31500007BF030BC70472468A569A0616861C0E9054585
S31500007C00F1E700BFFC0AFE1F414D4553000BFE1F66
S31500007C102DE9F041EFF3108172B6204A1368002473
S31500007C20013B04601360002B2ED11D4A13601D4ECC
S31500007C30C46833680569002701333360C76007618C
S31500007C4081F310889DB14FF00108013DEFF31082DA
S31500007C5072B63368A7660133C4F884802046336061
S31500007C60246F82F3108800F039FA002DEDD1EFF37E
S31500007C70108272B63368013B336082F3108800F0DD
S31500007C800FFA0020BDE8F081D0E90532044C9A6174
S31500007C9053612268824208BF2360C8E7FC0AFE1FC0
S31500007CA0000BFE1F200BFE1FF8B5EFF3108272B615
S31500007CB083682BB1013B836082F310880020F8BDF6
S31500007CC031B3174B1C681CBB164C174E2468D4F8EE
S31500007CD0B050E0660135C4F8B0500569A666DDB15E
S31500007CE0C6682667776F67673C6774670135056105
S31500007CF0062020630120A0631868E1640130186043
S31500007D0082F31088204600F05FFAD4F88400F8BDAC
S31500007D1082F310880D20F8BDC460C4E91C44E5E771
S31500007D20200BFE1F100BFE1F558A000038B5EFF31F
S31500007D30108172B6036933B983680133836081F3B6
S31500007D401088002038BD013BC26814D0146F556FEF
S31500007D50C46065672C67094C0361236800250133FD
S31500007D609566C2F88450236081F31088104600F0AF
S31500007D70B5F9002038BDC360EDE700BF200BFE1F3C
S31500007D802DE9F84F0A9D0B9E0C9FDDF838B004468E
S31500007D908A469146EF2132462846984601F0E8F891
S31500007DA0B4220021204601F0E3F82023C4F89C30D9
S31500007DB00D9B66619F4206F1FF36364BE5604FF03C
S31500007DC003023544C4E91198C4E906BBC4E9153475
S31500007DD03149C4F828A02561E762C4F8947004BF4D
S31500007DE0E763C4F898702263204600F0BBFCEFF30B
S31500007DF0108072B6294A2A4B236013686BBB294947
S31500007E00C4E922440C6001331360274A1368013326
S31500007E1013600F9B012B2BD1EFF30582234B1B68BD
S31500007E201343B3F1F03F07D280F31088204600F0E9
S31500007E3055F90020BDE8F88F1D4B1D683DB3EB6A70
S31500007E40EE6BEB6380F31088204600F047F9002DB7
S31500007E50EFD0EE630020BDE8F88F12490968D1F82B
S31500007E608C50C1F88C40C5F88840C4E92215CAE791
S31500007E7080F31088EFF3108172B61368013B13602C
S31500007E8081F3108800F00CF90020BDE8F88F2E462B
S31500007E90D8E700BFF1830000797F0000080BFE1FC2
S31500007EA0445248540C0BFE1F200BFE1F8402FE1F7B
S31500007EB0140BFE1FEFF3108272B6036B013B012B0E
S31500007EC003D982F310881120704710490B6810B44B
S31500007ED0013B002404600B6083B1D0E922310C4CD5
S31500007EE0C3F88C10C1F888302168814208BF23602E
S31500007EF082F3108800205DF8044B704704490B603C
S31500007F0082F3108800205DF8044B7047080BFE1FB3
S31500007F100C0BFE1F0E490F4B0F48104A10B50024DC
S31500007F200C602021196004601460214680220C48F0
S31500007F3001F01EF80B490C4A0C600C4913680C60E2
S31500007F400B480C49046043F0C57313600C6010BD08
S31500007F50140BFE1F180BFE1F100BFE1FA40BFE1F9B
S31500007F60240BFE1F0C0BFE1F040BFE1F200BFE1F17
S31500007F70080BFE1F1C0BFE1F114B10B51C68D4E925
S31500007F80113098470F4B1B680BB120469847EFF30B
S31500007F90108172B60C4A01232363A3631368002081
S31500007FA00133E064136081F31088EFF3148323F048
S31500007FB0040383F314882046BDE8104000F004B99A
S31500007FC0100BFE1F1C0BFE1F200BFE1F10B5EFF340
S31500007FD0108272B6124B1C6864B1EFF30583114927
S31500007FE009680B4306D110B982F3108810BD0E4BF9
S31500007FF0196819B182F31088132010BDC4F88410D3
S315000080001968E06401311960042101232163A36327
S3150000801082F31088204600F0D7F8D4F8840010BD0B
S31500008020100BFE1F8402FE1F200BFE1F10B5EFF380
S31500008030108372B6046B7CB1621E012A07D9032C29
S3150000804024D001224263002402E00A687AB1142493
S3150000805083F31088204610BDEFF305820D490968A9
S315000080600A4315D10C4A0D4912688242EDD003220B
S315000080700263012282630022C2640A6801320A6036
S3150000808083F3108800F0A0F8204610BD0024DFE737
S315000080900249ECE78402FE1F100BFE1F200BFE1F99
S315000080A00A4B1B688BB90A4A0A4B12681B689A422C
S315000080B00BD0094B4FF080525A60EFF3058323B97A
S315000080C0EFF3108362B683F310887047200BFE1F10
S315000080D0100BFE1F140BFE1F00ED00E0F8B5044662
S315000080E0EFF3108572B6436E002B3AD04C3000F099
S315000080F0FBF92E4AA16B1368013B1360236B31BB5E
S31500008100B3B92B492B4B1B6885F310880968994234
S315000081100DD013685BB9284B4FF080525A60EFF3CD
S31500008120058323B9EFF3108362B683F31088F8BD95
S31500008130636B8BB9E06A2149236351F82030B3B1F0
S31500008140596A0C625C62616223621949DAE7013B93
S31500008150012BD6D9636B33B103230021C4E90C315B
S31500008160CFE7C364C5E71249A3632363CAE7144E86
S3150000817041F820403368134F012181400B4333609F
S315000081803B688342C4E90844BBD9094938600B6897
S315000081904BB1DB6B8342B5D90C6085F3108813684D
S315000081A0002BC4D1B7E70C60ACE700BF200BFE1F65
S315000081B0140BFE1F100BFE1F00ED00E0240BFE1F2C
S315000081C0A40BFE1F180BFE1FF8B5374B04461D689F
S315000081D0EFF3108672B685423AD0344A1368013BF3
S315000081E01360A36B012B14D0314B86F310881B68E8
S315000081F0AB420DD013685BB92E4B4FF080525A60DC
S31500008200EFF3058323B9EFF3108362B683F3108887
S31500008210F8BD216AE06A4FF0000C8C42C4F838C001
S3150000822025D0636A244F4B62196257F82030A34267
S315000082301AD01F4B1968A142D7D12049096857F8AF
S315000082402110196086F310881368002BE0D1D3E75C
S31500008250EB6C013B033303D805F14C0000F01AF92F
S31500008260174BE2691A60B8E747F82010E1E71549AD
S31500008270114F834047F820C0086820EA03030B60CB
S3150000828033B193FAA3F3B3FA83F30C490B60D0E747
S315000082900A492020086006490B6086F31088136897
S315000082A0002BB5D1A8E700BF100BFE1F200BFE1F49
S315000082B0140BFE1F00ED00E0240BFE1F180BFE1F23
S315000082C0540CFE1FA40BFE1F70B50446EFF3108678
S315000082D072B64C3000F008F9236B022B3CD0012B10
S315000082E03AD03F4D2A6801322A600222002B39D14A
S315000082F022630122A2632A68E36401322A6086F3BC
S315000083001088EFF30583374A1268134358D04FF0AD
S31500008310E023D3F8343FD80705D5EFF31483B0EE46
S31500008320400A590750D52046FFF74EFFEFF310835A
S3150000833072B683F310882C4B1B680BB12046984706
S31500008340EFF3108272B62B68013B2B6082F3108824
S31500008350FFF7A6FE002070BD86F31088FFF7A0FE8B
S31500008360002070BD0123A363D4F8B010A36E22636E
S3150000837086F310880BB120469847EFF3108372B648
S315000083800022A26383F31088EFF30583154A12686F
S31500008390134320D04FF0E023D3F8343FDA070BD550
S315000083A0EFF31483B0EE400A5B0705D4EFF31483B2
S315000083B023F0040383F31488EFF3108372B6B8E74F
S315000083C00A4B1B68A342A2D1EFF3148323F00403E4
S315000083D083F31488A7E7054B1B68A342DAD1E5E7C8
S315000083E0200BFE1F8402FE1F1C0BFE1F100BFE1F20
S315000083F0EFF3108C72B6026B042A07D0826ED0F8A7
S31500008400B0108CF3108802B110477047034A136806
S31500008410013313608CF31088FFF760BE200BFE1F3C
S315000084201048114A114B124910B50024046014601B
S315000084301048114A0C6014602146802204601846D8
S3150000844000F096FD0D490E4A03460E480B60136078
S3150000845080330D490D4A03600D4B0C6014601C609F
S3150000846010BD00BF500CFE1F540CFE1FC40BFE1F98
S31500008470BC0BFE1FC00BFE1FB80BFE1F480CFE1FD9
S31500008480B40BFE1F440CFE1F4C0CFE1FB00BFE1F50
S31500008490AC0BFE1F0268531ED91C01D8816901B1BD
S315000084A07047202A0D4A0E491268096894BF9B003E
S315000084B07C231344994208D91A685AB15169086154
S315000084C05061C0E904218361EAE7064A12685B1A33
S315000084D01344F1E7C0E904001860F4E7B40BFE1F8B
S315000084E0440CFE1F480CFE1F836963B1026990426B
S315000084F00AD0416951610A611968814204BF9361DA
S315000085001A600023836170471A688242F9D10022FB
S315000085101A60F6E7EFF3108372B6024A106883F327
S3150000852010887047500CFE1F10B472B6184A194BCB
S315000085301168194A196013681848194C19490460DA
S3150000854043F0010313600B68174AA2FB03235B0980
S31500008550013BB3F1807F0AD24FF0E022134853610A
S31500008560F0240021072380F82340916113610F4B0B
S31500008570F0220021DA7783F8222083F82310EFF324
S31500008580148C2CF0040C8CF314885DF8044B7047A3
S3150000859000000000A80BFE1F001000E0E80AFE1F06
S315000085A014ADFE1F3004FE1F1F85EB5100ED00E0E9
S315000085B0114B124C12481349002222609A809A826B
S315000085C01A801A829860D9609861D961EFF308829F
S315000085D082F309880C48B0F8202192B2012142F4B6
S315000085E08052A0F820219980998262B6074B4FF0FD
S315000085F080525A60FEE700BF000D0040200BFE1FB0
S31500008600109DFE1F0FA5FE1F0060004000ED00E05C
S3150000861070B42349234D244C244A254E4AF2025C69
S315000086201FE08B89C3F3C03313601368012B0FD18E
S31500008630B1F8FE339BB23360A1F8FEC38B8960F3B9
S31500008640CF338B81336843F425439BB2A1F8FE33C5
S31500008650BFF34F8F30BFBFF36F8F62B61368012B26
S315000086600BD072B62B68236020680028D9D0114B36
S315000086704FF0006270BC5A60704772B6B1F8FE33B4
S315000086809BB23360A1F8FEC38B8943F400438B8110
S31500008690336843F425439BB2A1F8FE3362B6E0E7A4
S315000086A000E00140140BFE1F100BFE1F5C0CFE1FAA
S315000086B0580CFE1F00ED00E025480168002945D052
S315000086C0EFF30983A3F1200383F3098803F1200361
S315000086D023E9F00F1EF0100F07D1A3F1400383F337
S315000086E0098803F1400323ED108A43F804ED8B60FB
S315000086F0184C236813B18B6100232360164E72B6A3
S3150000870033680BB1036001E0FFF782FF366862B69B
S31500008710706801307060B069206010484FF0000149
S315000087204161F16881613169C161B36853F804EB55
S315000087301EF0100F01D1B3EC108AB3E8F00F83F3EB
S3150000874009884FF0010141617047FEE7014CD5E70A
S31500008750100BFE1F540CFE1F140BFE1F000D0040D5
S3150000876000F028B8026922F00702A2F144026FF075
S315000087700203136002F104024FF00003136053601A
S315000087809360D36013615361C36893614FF0000334
S31500008790D361136253629362D36213634FF0FF3364
S315000087A0536391634FF08073D363A2F10402826036
S315000087B0704700BF244925480A680368013210B58E
S315000087C00A60DBB9224C2168224A1368186800B394
S315000087D0214B01221A6000F0B3F9236823BB1F4B1B
S315000087E01B6853B11E4A1268934206D01D4B1B6884
S315000087F01BB91D4B4FF080525A6010BD013B144C03
S315000088000360A3B9134A1368186801212160002880
S31500008810DED1164800680433834213600CD00E4B39
S315000088201B6831B1002BD6D100F054F9D7E7216887
S31500008830CAE7002BD3D0CEE70D48074B00681B686C
S3150000884010600029EED1F4E7500CFE1F540CFE1FF9
S31500008850BC0BFE1FB40BFE1FB80BFE1F140BFE1F36
S31500008860100BFE1F200BFE1F00ED00E0440CFE1F48
S31500008870480CFE1F38B5EFF3108372B61B4A846EA0
S31500008880944202D083F3108838BDD0F8B0208A42D3
S31500008890F8D1C26E002AF5D0154914688C42F1D180
S315000088A051690029EED0002484661469DCB10139CF
S315000088B05161B1B1D0E91C15A0424D67296710D0AE
S315000088C0026B072ADED10B49C0F884200A68013200
S315000088D00A6083F31088FFF701FCEFF3108372B68A
S315000088E0D0E71161ECE70121D160E9E77588000066
S315000088F04E445644200BFE1F10B5EFF3108372B69C
S315000089001A4A846E944202D083F3108810BDD0F8C0
S31500008910B0208A42F8D1C26E002AF5D014491468F4
S315000089208C42F1D1D1690029EED000240139846648
S31500008930D161C1B1D0E91C144C67216794698442A6
S3150000894011D0026B0D2ADFD10A490A681D240132B3
S31500008950C0F884400A6083F31088FFF7BFFBEFF38B
S31500008960108372B6D0E79161EBE700BFF98800008B
S315000089704554554D200BFE1F70B50446EFF310838A
S3150000898072B60D4ED0F8A40032680132326001256D
S3150000899058B1856083F31088FEF7A6FFEFF31083C6
S315000089A072B6D4F8A4000028F2D13268013A3260D7
S315000089B083F3108870BD00BF200BFE1FF8B5EFF3E0
S315000089C0108C72B6C569012D26D98369022D1A6FDE
S315000089D01DD01F4F3C68013419463C6005E0C5694F
S315000089E0226F214623468A421AD0D66ADC6AA642FC
S315000089F038BF13468CF31088EFF3108C72B6846977
S31500008A008C42ECD1C669AE4220D03546E8E7DB6A37
S31500008A10D16A994238BF82618CF310880020F8BD74
S31500008A203968934201F1FF31396009D0D3E91C411D
S31500008A3061670C67516FC3E91C210B67536783613C
S31500008A408CF31088FFF72CFB0020F8BD126FCAE7E5
S31500008A50200BFE1F10B5EFF3108372B61A4A846E10
S31500008A60944202D083F3108810BDD0F8B0208A4219
S31500008A70F8D1C26E002AF5D0144914688C42F1D19F
S31500008A8011690029EED00024013984661161C1B153
S31500008A90D0E91C144C672167D468844211D0026B5C
S31500008AA0062ADFD10A490A680D240132C0F884403B
S31500008AB00A6083F31088FFF711FBEFF3108372B699
S31500008AC0D0E7D160EBE700BF558A0000414D455322
S31500008AD0200BFE1F144B1B68EFF3108272B613496E
S31500008AE00020086093B1196B81B9D3E9071010B45F
S31500008AF00F4C99619842216003D0D96ADB6B994289
S31500008B0007D082F310885DF8044B704782F3108813
S31500008B107047084B084C43F821002068074953F872
S31500008B2020300B60EDE700BF100BFE1FBC0BFE1FD5
S31500008B30540CFE1F240BFE1F180BFE1F140BFE1FEA
S31500008B402DE9F04F83B0EFF3108A72B6374A1768F3
S31500008B50002F5DD1364E3368002B59D00123DFF844
S31500008B60D880DFF8D8B0DFF8D8901360314B1B6897
S31500008B701868009008B1C0F818D0D8F8000043F87B
S31500008B80047B2C4A37608342136004BFDBF8003055
S31500008B9013608AF31088EFF3108A72B6009C002CDB
S31500008BA031D001AD12E0203B2360A5612461019420
S31500008BB0C9F800408AF31088EFF3108A72B6019B59
S31500008BC0C9F800709C422CD0009CE4B1236901973F
S31500008BD09C4222D06069586100930361C3F818D0A3
S31500008BE02368202BDFD862682260D4E90230B2B154
S31500008BF0A56124610194C9F800408AF31088002B0E
S31500008C00DAD09847D8E73368002BAFD1074A13600C
S31500008C108AF3108803B0BDE8F08F0097E0E7A26101
S31500008C20E9E7A7612046FFF735FCCDE74C0CFE1FB0
S31500008C30B80BFE1FB40BFE1F440CFE1F480CFE1F94
S31500008C40C00BFE1F53B94AB9002908BF00281CBF34
S31500008C504FF0FF314FF0FF3000F074B9ADF1080C62
S31500008C606DE904CE00F006F8DDF804E0DDE9022344
S31500008C7004B070472DE9F047089D04468E46002B48
S31500008C804DD18A42944669D9B2FA82F252B101FABA
S31500008C9002F3C2F1200120FA01F10CFA02FC41EACA
S31500008CA0030E94404FEA1C48210CBEFBF8F61FFA4F
S31500008CB08CF708FB16E341EA034306FB07F19942EA
S31500008CC00AD91CEB030306F1FF3080F01F8199429D
S31500008CD040F21C81023E63445B1AA4B2B3FBF8F077
S31500008CE008FB103344EA034400FB07F7A7420AD9FE
S31500008CF01CEB040400F1FF3380F00A81A74240F226
S31500008D0007816444023840EA0640E41B00261DB190
S31500008D10D4400023C5E900433146BDE8F0878B42C5
S31500008D2009D9002D00F0EF800026C5E90001304684
S31500008D303146BDE8F087B3FA83F6002E4AD18B425E
S31500008D4002D3824200F2F980841A61EB0303012008
S31500008D509E46002DE0D0C5E9004EDDE702B9FFDEF4
S31500008D60B2FA82F2002A40F09280A1EB0C014FEA9F
S31500008D701C471FFA8CFE0126200CB1FBF7F307FBFC
S31500008D80131140EA01410EFB03F0884208D91CEB9F
S31500008D90010103F1FF3802D2884200F2CB8043463C
S31500008DA0091AA4B2B1FBF7F007FB101144EA01441B
S31500008DB00EFB00FEA64508D91CEB040400F1FF31AA
S31500008DC002D2A64500F2BB800846A4EB0E0440EA98
S31500008DD003409CE7C6F12007B34022FA07FC4CEAA1
S31500008DE0030C20FA07F401FA06F31C43F9404FEA94
S31500008DF01C4900FA06F3B1FBF9F8200C1FFA8CFEA9
S31500008E0009FB181140EA014108FB0EF0884202FAFC
S31500008E1006F20BD91CEB010108F1FF3A80F08880BD
S31500008E20884240F28580A8F102086144091AA4B27A
S31500008E30B1FBF9F009FB101144EA014100FB0EFEFB
S31500008E408E4508D91CEB010100F1FF346CD28E452A
S31500008E506AD90238614440EA0840A0FB0294A1EBBB
S31500008E600E01A142C846A64656D353D05DB1B3EB18
S31500008E70080261EB0E0101FA07F722FA06F3F14048
S31500008E801F43C5E9007100263146BDE8F087C2F1EF
S31500008E902003D8400CFA02FC21FA03F39140014367
S31500008EA04FEA1C471FFA8CFEB3FBF7F007FB1036A0
S31500008EB00B0C43EA064300FB0EF69E4204FA02F44C
S31500008EC008D91CEB030300F1FF382FD29E422DD99F
S31500008ED0023863449B1B89B2B3FBF7F607FB1633D4
S31500008EE041EA034106FB0EF38B4208D91CEB010154
S31500008EF006F1FF3816D28B4214D9023E6144C91AD4
S31500008F0046EA004638E72E46284605E70646E3E6E3
S31500008F101846F8E64B45A9D2B9EB020864EB0C0EED
S31500008F200138A3E74646EAE7204694E74046D1E7FC
S31500008F30D0467BE7023B614432E7304609E76444AA
S31500008F40023842E7704700BF014B1868704700BF00
S31500008F508802FE1F0A44914200F1FF3300D1704798
S31500008F6010B511F8014B03F8014F9142F9D110BD2C
S31500008F7002440346934200D1704703F8011BF9E708
S31500008F8038B5104B1D68AB6B0446B3B9182000F01A
S31500008F9055F80246A86320B90B4B0C48422100F055
S31500008FA01DF80B490B4BC0E900130B4B83600B23D9
S31500008FB0838100210120C2E90401AB6B00221C6100
S31500008FC05A6138BD8802FE1F9CB20000B3B2000091
S31500008FD00E33CDAB34126DE6ECDE05001FB514463C
S31500008FE01A46094B1B680546D8684CB1074B0091D9
S31500008FF0CDE9013406492B4600F00EF800F0C4FC1A
S31500009000044B1C46F3E700BF8802FE1F31B3000085
S315000090103EB300006CB300000EB403B5014603ABCB
S31500009020054853F8042B0068019300F019F902B0C3
S315000090305DF804EB03B070478802FE1F024B014641
S31500009040186800F06FB800BF8802FE1F37B5002908
S3150000905044D051F8043C0190002BA1F10404B8BFA0
S31500009060E41800F00DFF1E4A0198136833B96360D7
S31500009070146003B0BDE8304000F008BFA34208D931
S31500009080256861198B4201BF19685B68491921601F
S31500009090EDE71A465B680BB1A342FAD91168551879
S315000090A0A5420BD1246821445418A3421160E0D193
S315000090B01C685B68536021441160DAE702D90C230F
S315000090C00360D6E7256861198B4204BF19685B689F
S315000090D0636004BF491921605460CAE703B030BD1C
S315000090E0600CFE1F70B50E4E0C463168054611B970
S315000090F000F07AFB30602146284600F075FB431CE1
S315000091000AD0C41C24F00304A04207D0211A284622
S3150000911000F06AFB013001D14FF0FF34204670BDEC
S31500009120640CFE1F2DE9F041CD1C25F00305083522
S315000091300C2D38BF0C25002D074601DBA94205D9A9
S315000091400C233B6000263046BDE8F0812E4E00F031
S3150000915097FE33681C4634BB29463846FFF7C2FFE4
S31500009160431C04464DD134682646002E40D1236860
S315000091703146384604EB030800F036FB80453AD109
S31500009180216803356D1A25F0030508350C2D38BF07
S315000091900C2529463846FFF7A5FF01302BD023685A
S315000091A02B4423600EE02268521B1ED40B2A16D9CC
S315000091B06119A342256018BF5960636808BF316012
S315000091C062514B60384604F10B0600F05FFE26F054
S315000091D00706231DF21AB6D09B1BA350B3E762689D
S315000091E0A3420CBF32605A60ECE723466468B2E7DC
S315000091F034467668B9E70C233B60384600F046FEF5
S31500009200A1E72560DEE700BF600CFE1F9368013B07
S31500009210002B10B4936008DA9469A34201DB0A2993
S3150000922003D15DF8044B00F0EFBA1368581C1060C8
S31500009230197008465DF8044B7047F8B506460F46A8
S315000092401446D518AC4201D1002007E014F8011BE2
S315000092503A463046FFF7DAFF431CF3D1F8BDFFFF6D
S315000092602DE9F04F0D469DB014469846064618B1B6
S3150000927083690BB900F0AAFC894B9D421BD1756826
S315000092806B6ED90705D4AB899A0502D4A86D00F098
S315000092903BFDAB891B0701D52B69EBB92946304647
S315000092A000F004FBC0B16B6EDC070ED54FF0FF304B
S315000092B01DB0BDE8F08F7B4B9D4201D1B568DFE75D
S315000092C0794B9D4208BFF568DAE7AB899805EDD47E
S315000092D0A86D00F01AFDE9E70023099320238DF815
S315000092E02930CDF80C803023DFF8C0818DF82A3084
S315000092F04FF0010923469A4613F8012B0AB1252A95
S31500009300F9D1BAEB040B0BD05B4622462946304610
S31500009310FFF793FF013000F0AA80099A5A44099298
S315000093209AF80030002B00F0A28000234FF0FF32A5
S31500009330CDE905230AF1010A049307938DF853300A
S315000093401A935446052214F8011B584800F048FDAC
S31500009350049AD8B9D10644BF20238DF85330130799
S3150000936044BF2B238DF853309AF800302A2B15D0A2
S31500009370079A544600204FF00A0C214611F8013B8B
S31500009380303B092B4ED9B0B1079214E0A0EB08038D
S3150000939009FA03F313430493A246D2E7039B191D6C
S315000093A01B680391002BBBBF5B4242F0020207938E
S315000093B00793B8BF049223782E2B0CD163782A2BFF
S315000093C035D1039B1A1D1B680392002BB8BF4FF0C3
S315000093D0FF3302340593DFF8E4A0217803225046D8
S315000093E000F0FEFC40B14023A0EB0A0003FA00F0B7
S315000093F0049B03430134049314F8011B2C488DF895
S315000094002810062200F0ECFC00283FD0294B1BBB9D
S31500009410039B073323F0070308330393099B3B445D
S31500009420099367E70CFB02320C460120A5E70023EF
S315000094300134059319464FF00A0C204610F8012B0B
S31500009440303A092A03D9002BC5D00591C3E70CFB96
S31500009450012104460123F0E703AB00932A46164B8D
S3150000946004A93046AFF300800746781CD6D16B6E50
S31500009470D90705D4AB899A0502D4A86D00F045FC3E
S31500009480AB895B063FF512AF099811E703AB009372
S315000094902A46094B04A9304600F080F8E4E700BFED
S315000094A0C0B30000E0B30000A0B300006DB300003D
S315000094B077B30000000000003B92000073B3000089
S315000094C02DE9F047164699468A680B69DDF8208033
S315000094D09342B8BF1346336091F8432007460C46C3
S315000094E00AB1013333602368990642BF33680233F9
S315000094F03360256815F0060506D104F1190AE368FC
S3150000950032689B1AAB4226DC94F84320131E22686D
S3150000951018BF012392062BD404F14302494638466C
S31500009520C04701301ED02368E568326803F00603A1
S31500009530042B08BFAD1AA36822690CBF25EAE5759E
S3150000954000259342C4BF9B1AED1800261A34B54273
S315000095501AD1002008E00123524649463846C04742
S31500009560013003D14FF0FF30BDE8F0870135C6E783
S31500009570E1185A1C302081F84300224494F8451023
S3150000958082F843100233C7E701232246494638468C
S31500009590C0470130E6D00136D9E7FFFF2DE9FF4786
S315000095A00F7E0C9D782F914680460C469A4601F117
S315000095B0430207D8622F0AD8002F00F0D880582F10
S315000095C000F0A38004F1420584F842703AE0A7F166
S315000095D06303152BF6D801A151F823F03596000048
S315000095E049960000C5950000C5950000C595000088
S315000095F0C595000049960000C5950000C595000078
S31500009600C5950000C59500005597000079960000A5
S3150000961037970000C5950000C595000077970000B4
S31500009620C595000079960000C5950000C595000017
S315000096303F9700002B681A1D1B682A6004F142053B
S3150000964084F842300123A3E020682968060601F168
S3150000965004030AD50E682B60002E03DA2D2376420A
S3150000966084F843305E480A2319E00E682B6010F038
S31500009670400F18BF36B2EFE72B682068191D296026
S31500009680010601D51E6802E04606FBD51E88544831
S315000096906F2F0CBF08230A23002184F84310656846
S315000096A0A560002DA2BF216821F0040121600EB93A
S315000096B0002D4DD01546B6FBF3F103FB1167C75DD0
S315000096C005F8017D3746BB420E46F4D9082B0BD16F
S315000096D02368DE0708D5236961689942DEBF302317
S315000096E005F8013C05F1FF35521B2261CDF800A0BB
S315000096F04B4603AA21464046FFF7E2FE01304CD115
S315000097004FF0FF3004B0BDE8F087354881F845706A
S315000097102968236851F8046B29601D0614D5DF07F4
S3150000972044BF43F0200323601EB9236823F02003BF
S3150000973023601023B0E7236843F0200323607823D7
S31500009740284884F84530E3E7590648BFB6B2E6E74D
S315000097501546BBE72B6826686169181D2860350623
S315000097601B6801D5196002E07006FBD5198000233D
S3150000977023611546BAE72B681A1D2A601D686268C0
S315000097800021284600F02CFB08B1401B606063688E
S315000097902361002384F84330A8E723692A46494613
S315000097A04046D0470130ABD023689B0713D4E0680E
S315000097B0039B9842B8BF1846A4E7012332464946A0
S315000097C04046D04701309BD00135E36803995B1AC8
S315000097D0AB42F2DCEBE7002504F11906F5E700BF22
S315000097E07EB300008FB3000038B5064D0023044653
S315000097F008462B60FCF7AAFA431C02D12B6803B17A
S31500009800236038BD6C0CFE1FF8B50E46144605469F
S3150000981018B183690BB900F0D9F9214B9C422BD1C1
S315000098206C68A369A360A3891A072FD523696BB354
S3150000983023692068C01A6369F6B28342374604DC9E
S315000098402146284600F02EF930BBA368013BA360F1
S3150000985023685A1C22601E7063690130834204D05B
S31500009860A389DB0706D50A2E04D12146284600F037
S3150000987019F988B93846F8BD0A4B9C4201D1AC6843
S31500009880CFE7094B9C4208BFEC68CAE72146284649
S3150000989000F00CF80028CBD04FF0FF37EAE700BF06
S315000098A0C0B30000E0B30000A0B30000324B70B5B7
S315000098B01D6806460C4625B1AB6913B9284600F06B
S315000098C085F92E4B9C420FD16C68A389B4F90C2004
S315000098D019072CD4DD0611D40923336042F0400366
S315000098E0A3814FF0FF303EE0254B9C4201D1AC688E
S315000098F0EBE7244B9C4208BFEC68E6E7580712D515
S31500009900616B41B104F14403994202D03046FFF73E
S315000099109DFB00236363A38923F02403A381002313
S31500009920636023692360A38943F00803A381236945
S315000099304BB9A38903F42073B3F5007F03D0214606
S31500009940304600F009FAA089B4F90C2010F00103A2
S315000099500AD00023A36063695B42A361236943B90C
S3150000996010F08000BAD170BD810758BF6369A3604B
S31500009970F4E70020F7E700BF8802FE1FC0B300002F
S31500009980E0B30000A0B3000008B5062000F0ACFA72
S31500009990012000F0B5FDFFFF8A892DE9F04105465B
S315000099A010070C4658D44B68002B05DC0B6C002BBB
S315000099B002DC0020BDE8F081E66A002EF9D0002323
S315000099C012F480522F682B6032D0606DA3895A073B
S315000099D005D56368C01A636B0BB1236CC01A0023EC
S315000099E00246E66A216A2846B047431CA38906D187
S315000099F029681D292CD82A4ACA40D60728D500220C
S31500009A006260D9042269226004D5421C01D12B6808
S31500009A1003B96065616B2F600029CAD004F1440365
S31500009A20994202D02846FFF711FB00206063C1E788
S31500009A30216A01232846B047411CC7D12B68002B59
S31500009A40C4D01D2B01D0162B01D12F60B1E7A389FD
S31500009A5043F04003A381ADE70F69002FA9D0930718
S31500009A600E6808BF4B690F6018BF0023A6EB0708F6
S31500009A708B60B8F1000F9CDD216AA66A43463A4620
S31500009A802846B047002806DCA38943F04003A3819B
S31500009A904FF0FF308EE70744A8EB0008E9E700BF68
S31500009AA00100402038B50B6905460C4613B9002560
S31500009AB0284638BD18B183690BB900F087F8144BF6
S31500009AC09C421BD16C68B4F90C30002BEFD0626E4F
S31500009AD0D00704D4990502D4A06D00F015F92846E4
S31500009AE02146FFF759FF636EDA070546E0D4A389DE
S31500009AF09B05DDD4A06D00F008F9D9E7054B9C4223
S31500009B0001D1AC68DFE7044B9C4208BFEC68DAE79A
S31500009B10C0B30000E0B30000A0B30000002310B5FE
S31500009B200446C0E90033C0E904338360818143669B
S31500009B30C2818361194608225C30FFF719FA054B8A
S31500009B406362054BA362054BE362054B2462236304
S31500009B5010BD00BF219F0000439F00007B9F0000B7
S31500009B609F9F0000014900F0AFB800BFA59A000012
S31500009B7070B568224D1E55430E4605F17401FFF778
S31500009B80D1FA044640B10021C0E900160C30A060AD
S31500009B9005F16802FFF7ECF9204670BD014800F0B8
S31500009BA0B3B800BF690CFE1F014800F0AEB800BF95
S31500009BB0690CFE1F014800F0A7B800BF6A0CFE1F23
S31500009BC0014800F0A2B800BF6A0CFE1F10B504469B
S31500009BD0FFF7F0FFA3691BB1BDE81040FFF7F0BF28
S31500009BE0C4E912332365134B134A1B68A262A342CE
S31500009BF004BF0123A361204600F020F860602046E0
S31500009C0000F01CF8A060204600F018F80022E06082
S31500009C1004216068FFF782FFA06801220921FFF78F
S31500009C207DFFE06802221221FFF778FF0123A3617E
S31500009C30D2E700BF98B20000659B0000F8B5074662
S31500009C40FFF7ACFF1E4B1E68B36913B93046FFF72A
S31500009C50BDFF4836D6E90134013B03D533680BB363
S31500009C603668F7E7B4F90C50D5B9164BE36004F142
S31500009C705800656600F047F8FFF796FFC4E90155FE
S31500009C80C4E904552560A5610822294604F15C0053
S31500009C90FFF76EF9C4E90D55C4E912552046F8BD23
S31500009CA06834D9E704213846FFF762FF044630607E
S31500009CB00028D5D1FFF778FF0C233B60EEE700BF05
S31500009CC098B200000100FFFF2DE9F84306468846DA
S31500009CD000F148040027D4E90195B9F1010905D539
S31500009CE02468002CF7D13846BDE8F883AB89012BF0
S31500009CF007D9B5F90E30013303D029463046C0479F
S31500009D0007436835E9E770477047704770B50E46F8
S31500009D10B1F90E10002996B014461D4608DAB6F9B8
S31500009D200C3000222A601A0610D44FF480630EE02D
S31500009D306A4600F05BF90028F1DB019A02F47042F2
S31500009D40A2F500535A425A412A60EEE7402300200A
S31500009D50236016B070BDFFFF8B8973B59D0706465D
S31500009D600C4607D504F14703236023610123636191
S31500009D7002B070BD01AB6A46FFF7C8FF0099054601
S31500009D803046FFF7CFF948B9B4F90C309A05EFD44D
S31500009D9023F0030343F00203A381E3E70D4BB36211
S31500009DA0A389206043F08003A381009B6361019B2C
S31500009DB020615BB1B4F90E10304600F029F928B1E4
S31500009DC0A38923F0030343F00103A381A08905437C
S31500009DD0A581CDE7659B0000FFFFFFFFFFFFFFFFAB
S31500009DE001F0FF01102A2BDB10F0070F08D010F846
S31500009DF0013B013A8B422DD010F0070F42B3F6D14A
S31500009E00F0B441EA012141EA014122F007047FF062
S31500009E1000070023F0E80256083C85EA010586EAB9
S31500009E20010685FA47F5A3FA87F586FA47F6A5FAF5
S31500009E3087F68EB9EED1F0BC01F0FF0102F0070201
S31500009E4032B110F8013B013A83EA010313B1F8D1AC
S31500009E500020704701387047002D06BF354603388D
S31500009E60073815F0010F07D1013015F4807F02BFC6
S31500009E70013015F4C03F0130F0BC0138704700BF17
S31500009E800148FFF741BF00BF680CFE1F0148FFF7FE
S31500009E903CBF00BF680CFE1F1F2938B504460D469F
S31500009EA004D9162303604FF0FF3038BD426C12B15F
S31500009EB052F821304BB9204600F030F82A460146C8
S31500009EC02046BDE8384000F017B8012B0AD0591CCF
S31500009ED003D1162303600120E7E7002442F825405A
S31500009EE0284698470020E0E7024B01461868FFF72E
S31500009EF0D3BF00BF8802FE1F38B5074D00230446B6
S31500009F00084611462B6000F019FB431C02D12B6852
S31500009F1003B1236038BD00BF6C0CFE1F00F0AAB968
S31500009F2010B50C46B1F90E1000F094F80028ABBF3E
S31500009F30636DA3891B1823F48053ACBF6365A381AB
S31500009F4010BD2DE9F0411F468B89DB0505460C4601
S31500009F50164605D5B1F90E100223002200F068F866
S31500009F60A389B4F90E1023F48053A38132463B46ED
S31500009F702846BDE8F04100F017B810B50C46B1F917
S31500009F800E1000F055F8431CA38915BF606523F435
S31500009F90805343F48053A38118BFA38110BDB1F948
S31500009FA00E1000F013B8FFFF38B5074D04460846FB
S31500009FB0114600222A601A4600F005F9431C02D118
S31500009FC02B6803B1236038BD6C0CFE1F38B5064DF7
S31500009FD00023044608462B6000F026F9431C02D1F4
S31500009FE02B6803B1236038BD6C0CFE1F38B5074DD6
S31500009FF000230446084611462B6000F05EF9431C18
S3150000A00002D12B6803B1236038BD00BF6C0CFE1F64
S3150000A01038B5064D0023044608462B6000F054FA76
S3150000A020431C02D12B6803B1236038BD6C0CFE1FA4
S3150000A03038B5074D04460846114600222A601A46DE
S3150000A04000F0AFF8431C02D12B6803B1236038BD82
S3150000A0506C0CFE1F38B5074D044608461146002213
S3150000A0602A601A4600F045F8431C02D12B6803B15A
S3150000A070236038BD6C0CFE1F0A4B10B504461868E9
S3150000A08018B183690BB9FFF7A1FD132C07D8064851
S3150000A09050F83420013202D000EBC40010BD00207D
S3150000A0A0FCE700BF8802FE1F700CFE1FF8B50446D1
S3150000A0B0FEF74AFF13260546002730463946ABBE53
S3150000A0C006462E602046F8BD431C01D1FFF7EEBFC1
S3150000A0D0704730B585B0CDE901010392062401AD84
S3150000A0E020462946ABBE04462046FFF7EDFF05B0E5
S3150000A0F030BD37B515460191FFF7BEFF01990446FD
S3150000A10038B9FEF721FF092303604FF0FF3003B093
S3150000A11030BD00682A46FFF7DCFF431CF7D06368B2
S3150000A1202A1A134463601046F1E7F7B50C46164643
S3150000A130FFF7A2FF054640B9FEF706FF09230360B5
S3150000A1404FF0FF34204603B0F0BD022E03D9FEF7D0
S3150000A150FBFE1623F3E7012E12D14368E418F6D46A
S3150000A1602B680A26CDE900346F4630463946ABBE29
S3150000A17006463046FFF7A8FF0028E1DB6C60E1E702
S3150000A180022EEDD1036800930C266F463046394601
S3150000A190ABBE06463046FFF797FF431CD0D00444BB
S3150000A1A0DEE7FFF7C2BF30B585B0CDE90101039206
S3150000A1B0052401AD20462946ABBE04462046FFF7DE
S3150000A1C083FF05B030BD37B515460191FFF754FF43
S3150000A1D00199044630B9FEF7B7FE092303604FF034
S3150000A1E0FF3012E000682A46FFF7DDFF0028F6DBA5
S3150000A1F062682B1A1A44A842626005D1002003B097
S3150000A200BDE83040FFF752BF184603B030BD37B542
S3150000A2100224019001AD20462946ABBE04462046E5
S3150000A220FFF752FF03B030BD38B50546FFF724FFF0
S3150000A230044630B9FEF788FE092303604FF0FF306D
S3150000A24038BD013D012D09D8094B9A681B699A4210
S3150000A25004D14FF0FF3303600020F1E72068FFF7D9
S3150000A260D6FF0028ECD14FF0FF332360E8E700BFAC
S3150000A270700CFE1F0120704770B50C46FFF7FCFE00
S3150000A280054630B9FEF760FE092303604FF0FF3044
S3150000A29070BD636843F4005363604FF48063A36446
S3150000A2A00C2630462946ABBE05462846FFF70CFF6E
S3150000A2B0431C1CBF20610020EAE70B4610B50021B5
S3150000A2C0044658221846FEF753FE01462046BDE8CE
S3150000A2D01040FFF7D1BF38B50D460446582200217D
S3150000A2E02846FEF745FE2046002100F011F8431CE3
S3150000A2F004460BD06B6843F401436B602946FFF7B5
S3150000A300BBFF05462046FFF78FFF2C46204638BD8B
S3150000A3102DE9F043DFF8A88097B007460E460025E2
S3150000A32058F83540611C37D00135142DF8D1FEF7A9
S3150000A3300BFE182303604FF0FF343DE0C6F30044E4
S3150000A34040F20163B20748BF44F002041E4218BF40
S3150000A35044F00404330748BF24F00404384648BFD9
S3150000A36044F00804009700F0F5F8CDE90140012417
S3150000A37020464946ABBE0446002C08DB48F835406B
S3150000A38008EBC5080023C8F804302C4614E0204624
S3150000A390FFF78CFE04460FE006F42063B3F5206F4A
S3150000A3A0E946CBD149463846FFF795FF0130C5D07F
S3150000A3B0FEF7CAFD11230360204617B0BDE8F083FF
S3150000A3C0700CFE1F2DE9F74306460F462A4800216A
S3150000A3D01546FFF79DFF2A46044600213046FEF744
S3150000A3E0C7FD631C16D02046FFF746FE4FF00C094A
S3150000A3F0804648464146ABBE80464046FFF764FE6F
S3150000A400032802DDC31EAB4208DC2046FFF70CFF23
S3150000A4104FF0FF34204603B0BDE8F08304220DEB75
S3150000A42002012046FFF765FE0328EEDD9DF80430A5
S3150000A430532BEAD19DF80530482BE6D19DF806301E
S3150000A440462BE2D19DF80730422BDED10122394658
S3150000A4502046FFF76AFE0028D7DB2A46314620460B
S3150000A460FFF747FE05462046FFF7DEFE2846FFF7C4
S3150000A4702BFE0446CEE700BF00B4000037B50A4DF8
S3150000A4800A4C0021012201A829602260FFF79AFFE9
S3150000A490002807DD9DF8043003F0010203F00203F3
S3150000A4A02A60236003B030BDEC02FE1FF002FE1FDF
S3150000A4B010B5044C2368002B01DAFFF7DFFF206894
S3150000A4C010BD00BFEC02FE1F70B5FFF7D5FD0925D4
S3150000A4D0044620B9FEF738FD0560204670BD2846C3
S3150000A4E02146ABBE0446012CF7D0FEF72DFD002415
S3150000A4F00546132630462146ABBE06462E60ECE7DF
S3150000A500014608B5024A4FF0FF3000F003F800BFDD
S3150000A5102600020007B5CDE90021FFF7C9FF002894
S3150000A52014BF20241824FFF7C3FF20B16D46204630
S3150000A5302946ABBE0446009DF9E7FFFF062908B58C
S3150000A5400CBF024A024AFFF7E5FF00BF23000200E4
S3150000A55026000200034613F8012B002AFBD1181A25
S3150000A560013870474275696C7420776974682052A7
S3150000A570656E657361732053796E657267792028FD
S3150000A580544D2920536F667477617265205061635C
S3150000A5906B6167652076657273696F6E20322E3740
S3150000A5A02E302B6275696C642E30646332613035EF
S3150000A5B03231626164303439356331323739623071
S3150000A5C03533326438373236623366663934323977
S3150000A5D062000000322E372E300000000000070215
S3150000A5E0F8B500BFF8BC08BC9E467047F8B500BF7A
S3150000A5F0F8BC08BC9E46704741070000DD08000015
S3150000A6001D0800009507000085070000546F75635C
S3150000A610682050616E656C2054687265616400FF45
S3150000A620990A00007D0D0000250F0000750F00003F
S3150000A6304D0F0000C10F000011100000890A000034
S3150000A64053465F4932432064657669636520636FCC
S3150000A650756E74206D7574657800FFFF71120000C9
S3150000A660E9140000651500006911000035140000AA
S3150000A670C511000009120000B9100000A91400005D
S3150000A6805116000005170000E1150000F115000045
S3150000A690CD1C0000ED2A00008D2400004D25000091
S3150000A6A0D12A00007D1C0000B91A0000CD3500003B
S3150000A6B0F9340000A5370000D933000091360000B8
S3150000A6C0ED360000A9340000413600005137000085
S3150000A6D05D320000AD320000E1320000E9310000D9
S3150000A6E01D3200001D330000693B0000693900007F
S3150000A6F0F93800006D38000099380000C1380000B4
S3150000A700D1390000E9380000953C0000153D0000F5
S3150000A710353C0000493C00005D3C0000713C0000F7
S3150000A720853C0000B9400000153F0000893E00004E
S3150000A7304D3D0000453D0000493D0000913D0000B3
S3150000A740313E0000813D0000DD3F00003542000043
S3150000A75039480000F5530000BD520000BD49000015
S3150000A760F94C0000D5460000294300001D4B0000AF
S3150000A7703147000061460000D94300000144000053
S3150000A78029440000A9450000514400007944000016
S3150000A790394200003D420000D1460000C546000097
S3150000A7A0C9460000CD460000A1440000C94400008F
S3150000A7B0F14400009D4500004142000000000100F8
S3150000A7C000000200010002000400FFFF000001007B
S3150000A7D00200FFFF010002000300FFFF40420F00DE
S3150000A7E00000000040420F000000000004000000CE
S3150000A7F002000000002D310100366E013004020116
S3150000A800020A1E00D0FE0100FFFFFFFFFFFFFF361A
S3150000A81036FFFF8EFFFFFFFFFF808D815F49538369
S3150000A8209FFFFFFFFFFFFFFFD0F4D6FFDCFFFFFF18
S3150000A830FFFFFFE5EEFFFFC34245466B8C8988FFAD
S3150000A840FFFFFFFFFFFFFFFF4F6D82848685FFFF3F
S3150000A8501CE001400070044004700440087004408D
S3150000A86000050000010002000800FFFF01000000D3
S3150000A87000000000000000004E65772051756575E8
S3150000A88065000000426C696E6B79205468726561E0
S3150000A8906400FFFF675F73665F7370695F6275735D
S3150000A8A030000000675F73665F6932635F627573CD
S3150000A8B03000FFFF3C05FE1FC0A8000090A6000068
S3150000A8C000000000A0860100000001002C010C0C15
S3150000A8D00C0C0000F4A8000014A900000000000001
S3150000A8E0B4A80000E8A8000001FFFFFF0000000078
S3150000A8F0ACA600009005FE1F00A9000024A70000DA
S3150000A9001402FE1F640000FF00000000F4A800000F
S3150000A91000000000A005FE1F20A9000024A70000DB
S3150000A9202402FE1F630000FF0000000014A90000BF
S3150000A9300000000053535020436F6D6D6F6E204929
S3150000A9406E69742053656D004E6577205468726594
S3150000A950616400FF5806FE1F60A90000E8A600001B
S3150000A960000C0103010000000000000054A90000D3
S3150000A970000000006C06FE1F80A9000080A60000F3
S3150000A98054A90000010000003402FE1F94A9000033
S3150000A9905CA60000C001FE1F9CA90000000000008C
S3150000A9A0A0860100000001002C010C0C0C0C00001C
S3150000A9B0F4A8000014A9000000000000B4A80000DC
S3150000A9C0E8A800009806FE1FD0A9000020A60000F7
S3150000A9D0E0011001030000000A000000E8A90000E1
S3150000A9E000000000C4A90000ECA90000000AFE1F38
S3150000A9F0F8A90000F8A50000FCA90000090600005F
S3150000AA0088A9000074A90000E00110016D00000093
S3150000AA1014AA000000800000000000000080000072
S3150000AA20010000000080000002000000004000005D
S3150000AA300400000000400000050000000040000087
S3150000AA4006000000008000000800000000800000F2
S3150000AA5009000000004000000A000000008000001D
S3150000AA600E000000008000000F0000000004010638
S3150000AA7000010000000401060101000000040106B7
S3150000AA8002010000000401040401000000040104A6
S3150000AA9005010000000C010406010000040400008A
S3150000AAA0070100000000010008010000000001008D
S3150000AAB009010000000001000A010000004000003A
S3150000AAC00B010000000000000C010000040400005F
S3150000AAD00D010000000C010402020000000000004D
S3150000AAE0030200000000010C040200000000010C3B
S3150000AAF0050200000000010C060200000000010C27
S3150000AB000702000000000100000300000004010429
S3150000AB10010300000004010402030000000000001D
S3150000AB200303000000040104040300000004010400
S3150000AB3005030000000C01040603000004040000E5
S3150000AB4007030000000000000803000004040000E2
S3150000AB5009030000000000000A03000000000000D6
S3150000AB600B030000000000000C03000000040119A4
S3150000AB700D030000000401190E0300000004011972
S3150000AB800F03000000400000000400000000011058
S3150000AB900104000000000110020400000004011777
S3150000ABA0030400000004011704040000000C011750
S3150000ABB005040000000C0117060400000000011344
S3150000ABC0070400000000010C080400000000010C4E
S3150000ABD009040000000401040A0400000004010442
S3150000ABE00B040000000C01040C0400000404000027
S3150000ABF00D0400000000010C0E0400000000010C12
S3150000AC000F040000000C011100050000000C0111EA
S3150000AC1001050000000C011102050000000C0111E5
S3150000AC2003050000000C011104050000000C0111D1
S3150000AC3005050000000000000605000000000000F9
S3150000AC4007050000040400000006000004040000DC
S3150000AC5001060000040400000206000000000000D7
S3150000AC6003060000000000000406000000000000CB
S3150000AC70050600000004011906060000000401197B
S3150000AC8007060000000000000806000000000000A3
S3150000AC900D060000000000000E0600000004011969
S3150000ACA00F060000000C011700070000000C01173A
S3150000ACB001070000000C011702070000000C011735
S3150000ACC003070000000C011704070000000C011721
S3150000ACD00507000000040105060700000004010541
S3150000ACE00707000004040000000800000404000038
S3150000ACF001080000000401190208000000040119FF
S3150000AD000308000000040119040800000404000000
S3150000AD1006080000000C01190009000000040119D2
S3150000AD2001090000000401190509000000040119C9
S3150000AD3006090000000401190709000000040119B2
S3150000AD400809000000040119000A000000040119A6
S3150000AD50010A000000040119080A00000004011994
S3150000AD60090A0000000401190A0A00000000011483
S3150000AD70000B000000000114010B0000534953545E
S3150000AD80454D412050524F4E544F00004150524FB6
S3150000AD9058494D4520544147000000004143455362
S3150000ADA0534F204C4942455241444F004D4F444F6A
S3150000ADB020434144415354524F2E2E2E0000000092
S3150000ADC04D454D4F524941204348454941210000D8
S3150000ADD04A41204341444153545241444F000000EC
S3150000ADE05441472053414C564121000054494D459A
S3150000ADF04F55542100FFFFFF00010102010202032B
S3150000AE000102020302030304010202030203030414
S3150000AE1002030304030404050102020302030304FC
S3150000AE2002030304030404050203030403040405E4
S3150000AE3003040405040505060102020302030304D4
S3150000AE4002030304030404050203030403040405C4
S3150000AE5003040405040505060203030403040405AC
S3150000AE600304040504050506030404050405050694
S3150000AE700405050605060607000103070F1F3F7FA9
S3150000AE809968000089670000CD6700002969000005
S3150000AE900D680000BD6700000200031004000000FA
S3150000AEA01C00000013000000030E0010FFFFFFFF50
S3150000AEB0FFFFFFFFFFFFFFFFFFFFFFFF5237465376
S3150000AEC0374732374833413031434643575331349D
S3150000AED034314131303000000000000002B064001F
S3150000AEE0F000000001000810F3E0BFB60579334911
S3150000AEF08B43F24F1693A05D1E7A1DD8700D7A8291
S3150000AF0042786A5EC35C0B190400501100000040D1
S3150000AF10FFFF0008FFC110081FFF1B057F00280761
S3150000AF203F002F063E8047804C806A0064806B009D
S3150000AF30820056806E00BD80B08083006F005B800B
S3150000AF407000720071007300740075008A8086803C
S3150000AF508D80CF8076006C006D00B5807B007A0016
S3150000AF607C00A08077007800790090809A80978096
S3150000AF7084009D80A3807D00D580D880A680850032
S3150000AF80AD80A980DE807E007F0080008100000009
S3150000AF900607021000000000FFFF0000002000006E
S3150000AFA00001000000000100FFFF3F0000800000DC
S3150000AFB0000100000607011000001040FFFF1040CE
S3150000AFC040000000040000000A000410070B0B0FED
S3150000AFD00000FE1FFFFFFF1F00000020FFFF0320F1
S3150000AFE000000420FFFF072000E00F20FFFF0F20D6
S3150000AFF0010700100800400000500040080301103F
S3150000B00000520040015F00100100000C00000040EB
S3150000B010011F001001000001000C00400003001099
S3150000B02001000001000D00400107001001000001B1
S3150000B03000E07F40000300100100100000C07F40C8
S3150000B040E0010310B0010310C0010310200003103B
S3150000B0505400031030000F1070040310000807108E
S3150000B06010000310460403104105031040070310A7
S3150000B070000C03104004071042040310440403109C
S3150000B080D0050310E0050B10F00503100F0707109D
S3150000B09040090310000E0711400E0310600E031046
S3150000B0A06000071010040310B00707108004031097
S3150000B0B002000010030000010030054007030300F2
S3150000B0C0000F00100A00200000000740000F0010CB
S3150000B0D00200000100200740020000100E000001DF
S3150000B0E0008007403F1F1F1F0F0F0F0F070707079F
S3150000B0F0070700000003001001001000F08F074052
S3150000B10000030010040000010020044000030010AA
S3150000B1100200000100400840000700100600000180
S3150000B1200050084000070010020000100000054013
S3150000B1300007001002000004002006400200001074
S3150000B1400200000200400640070700000007001149
S3150000B1500200000100E0044001030010C0000400EA
S3150000B1600008044008030110000D0440040002100A
S3150000B1700200000200C005402B2B00007F007F006C
S3150000B1803F000F007F006F001F000F00040001103A
S3150000B1900C00200000000440070B0B0B0B030303FD
S3150000B1A003030303FFCFFFC7FFFFFFFFFF30FF309F
S3150000B1B0FFFFFFFFFFFFFFFFFFFFFF38FFFFFFFF60
S3150000B1C0FFFFFF00FF3F7F00FFFFE301FFFF0307D5
S3150000B1D0FF000300040002100100200000100840D8
S3150000B1E003000000FFFFFF0F030000000003001034
S3150000B1F001000002000000640117001001000010A9
S3150000B20000000940001F0020010000020000064067
S3150000B2100103001001000001004406400103001074
S3150000B220010000010045064001030010010000086E
S3150000B23000500640000300100200000400580640BB
S3150000B240FFFFFFFFFFFFFFFFFFFFFFFFFFFFFFFF08
S3150000B250FFFFFFFFFFFFFFFFFFFFFFFFFFFFFFFFF8
S3150000B260FFFFFFFFFFFFFFFFFFFFFFFFFFFFFFFFE8
S3150000B270FFFFFFFFFFFFFFFFFFFFFFFFFFFFFFFFD8
S3150000B280FFFFFFFFFFFFFFFFFFFFFFFFFFFFFFFFC8
S3150000B290FFFFFFFF725ABC9E8C02FE1F5245454EB1
S3150000B2A054206D616C6C6F632073756363656564B0
S3150000B2B06564002F6D6E742F776F726B73706163A8
S3150000B2C0652F776F726B73706163652F4743432DEC
S3150000B2D031302D706970656C696E652F6A656E6BAD
S3150000B2E0696E732D4743432D31302D706970656C3F
S3150000B2F0696E652D3333385F323032313130313853
S3150000B3005F313633343531363230332F7372632F33
S3150000B3106E65776C69622F6E65776C69622F6C69F2
S3150000B32062632F7374646C69622F72616E642E633C
S3150000B330002C2066756E6374696F6E3A2000617327
S3150000B34073657274696F6E202225732220666169A7
S3150000B3506C65643A2066696C6520222573222C2070
S3150000B3606C696E65202564257325730A00232D30CC
S3150000B3702B2000686C4C00656667454647003031F7
S3150000B3803233343536373839414243444546003046
S3150000B3903132333435363738396162636465660075
S3150000B3A00000000000000000000000000000000097
S3150000B3B00000000000000000000000000000000087
S3150000B3C00000000000000000000000000000000077
S3150000B3D00000000000000000000000000000000067
S3150000B3E00000000000000000000000000000000057
S3150000B3F00000000000000000000000000000000047
S3150000B4003A73656D69686F7374696E672D666561F9
S3110000B410747572657300FFFF00000000F9
S30D0000B41C58D8FF7F0100000073
S3150000B42400000000F805FE1F0000000000000000F8
S3150000B4340000000000000000000000000000000002
S3150000B44400000000000000000000000000000000F2
S3150000B454000000000000000000000000D405FE1FEC
S3150000B4643006FE1FA4A8000090A6000000000000FD
S3150000B4742C06FE1F0000100800000000000000005B
S3150000B48400000000000008000000000000000000AA
S3150000B49400000000000000000000000000000000A2
S3150000B4A40000000000000000000000000000000092
S3150000B4B40000000000000000000000000000000082
S3150000B4C4000000003C05FE1F00000000DEADBEEFDC
S3150000B4D40000000000000000000000000000000062
S3150000B4E401000000F0F0F0F08C02FE1F00000000E6
S3150000B4F4C0B30000E0B30000A0B3000000000000E9
S3150000B5040000000000000000000000000000000031
S3150000B5140000000000000000000000000000000021
S3150000B5240000000000000000000000000000000011
S3150000B5340000000000000000000000000000000001
S3150000B544000000000000000000000000FFFFFFFFF5
S3150000B554FFFFFFFF250700000107000000000000B1
S3150000B56400000000000000000000000000000000D1
S3150000B57400000000000000000000000000000000C1
S3150000B58400000000000000000000000000000000B1
S3150000B59400000000000000000000000000000000A1
S3150000B5A40000000000000000000000000000000091
S3150000B5B40000000000000000000000000000000081
S30D0000B5C4000000000000000079
S31540120050FFFFFFFFFFFFFFFFFFFFFFFFFFFFFFFF58
S70500005D8D10
